Instances,Valeur,Temps
A_014_ABS1_15_1,40649,656.757
A_014_ABS1_15_2,35971,491.321
A_014_ABS1_15_3,31451,441.524
A_014_ABS1_15_4,37875,546.118
A_014_ABS1_15_5,35665,624.332
A_014_ABS2_15_1,40890,518.27
A_014_ABS2_15_2,35971,351.428
A_014_ABS2_15_3,31451,347.196
A_014_ABS2_15_4,37893,540.353
A_014_ABS2_15_5,35665,605.135
A_014_ABS3_15_1,41345,453.803
A_014_ABS3_15_2,36143,327.328
A_014_ABS3_15_3,31713,314
A_014_ABS3_15_4,38412,450.693
A_014_ABS3_15_5,37112,440.145
A_014_ABS4_15_1,84267,692.512
A_014_ABS4_15_2,71628,612.975
A_014_ABS4_15_3,63735,587.995
A_014_ABS4_15_4,77466,769.726
A_014_ABS4_15_5,72448,527.761
A_014_ABS5_15_1,84527,737.158
A_014_ABS5_15_2,71628,663.945
A_014_ABS5_15_3,63783,458.002
A_014_ABS5_15_4,77466,818.099
A_014_ABS5_15_5,72536,533.34
A_014_ABS6_15_1,84889,606.446
A_014_ABS6_15_2,71853,486.077
A_014_ABS6_15_3,63990,420.172
A_014_ABS6_15_4,77718,798.795
A_014_ABS6_15_5,73276,934.973
A_014_ABS7_15_1,34099,1088.28
A_014_ABS7_15_2,28813,615.546
A_014_ABS7_15_3,24849,337.295
A_014_ABS7_15_4,30774,608.833
A_014_ABS7_15_5,29138,732.713
A_014_ABS8_15_1,34099,1425.47
A_014_ABS8_15_2,28959,712.96
A_014_ABS8_15_3,25179,422.442
A_014_ABS8_15_4,30774,648.065
A_014_ABS8_15_5,29138,707.103
A_014_ABS9_15_1,34464,826.917
A_014_ABS9_15_2,28818,391.543
A_014_ABS9_15_3,25351,253.537
A_014_ABS9_15_4,31145,404.832
A_014_ABS9_15_5,30221,506.311
A_014_ABS10_15_1,73054,600.297
A_014_ABS10_15_2,61809,346.69
A_014_ABS10_15_3,54058,225.965
A_014_ABS10_15_4,66317,282.98
A_014_ABS10_15_5,62855,252.374
A_014_ABS11_15_1,73314,544.926
A_014_ABS11_15_2,62066,249.885
A_014_ABS11_15_3,54222,205.372
A_014_ABS11_15_4,66629,288.337
A_014_ABS11_15_5,62802,247.418
A_014_ABS12_15_1,73977,610.56
A_014_ABS12_15_2,62185,256.727
A_014_ABS12_15_3,54350,183.466
A_014_ABS12_15_4,66881,266.05
A_014_ABS12_15_5,63385,239.118
A_014_ABS13_15_1,44903,373.404
A_014_ABS13_15_2,42408,406.999
A_014_ABS13_15_3,35091,379.967
A_014_ABS13_15_4,42759,426.623
A_014_ABS13_15_5,39812,376.845
A_014_ABS14_15_1,45121,326.132
A_014_ABS14_15_2,42408,396.106
A_014_ABS14_15_3,35105,367.545
A_014_ABS14_15_4,42661,410.107
A_014_ABS14_15_5,39812,354.698
A_014_ABS15_15_1,47302,406.718
A_014_ABS15_15_2,42596,390.934
A_014_ABS15_15_3,35619,298.412
A_014_ABS15_15_4,42802,427.906
A_014_ABS15_15_5,42319,256.138
A_014_ABS16_15_1,89014,668.898
A_014_ABS16_15_2,76040,497.857
A_014_ABS16_15_3,66649,385.221
A_014_ABS16_15_4,80771,672.627
A_014_ABS16_15_5,76883,520.02
A_014_ABS17_15_1,89534,549.466
A_014_ABS17_15_2,76223,475.887
A_014_ABS17_15_3,66649,365.201
A_014_ABS17_15_4,80771,673.869
A_014_ABS17_15_5,77039,516.854
A_014_ABS18_15_1,90536,624.308
A_014_ABS18_15_2,76472,440.622
A_014_ABS18_15_3,67489,321.868
A_014_ABS18_15_4,82341,665.407
A_014_ABS18_15_5,78932,577.661
A_014_ABS19_15_1,40065,839.48
A_014_ABS19_15_2,33737,444.895
A_014_ABS19_15_3,27877,292.865
A_014_ABS19_15_4,34279,398.879
A_014_ABS19_15_5,33579,469.083
A_014_ABS20_15_1,40065,836.397
A_014_ABS20_15_2,33263,418.49
A_014_ABS20_15_3,27877,282.331
A_014_ABS20_15_4,34279,398.407
A_014_ABS20_15_5,33843,452.467
A_014_ABS21_15_1,40571,797.319
A_014_ABS21_15_2,33770,432.763
A_014_ABS21_15_3,27877,345.27
A_014_ABS21_15_4,36275,373.68
A_014_ABS21_15_5,35917,439.734
A_014_ABS22_15_1,77130,567.722
A_014_ABS22_15_2,66255,358.568
A_014_ABS22_15_3,57198,257.539
A_014_ABS22_15_4,71245,320.033
A_014_ABS22_15_5,66709,233.213
A_014_ABS23_15_1,77650,477.794
A_014_ABS23_15_2,66766,296.013
A_014_ABS23_15_3,57511,220.395
A_014_ABS23_15_4,72158,298.139
A_014_ABS23_15_5,66605,239.805
A_014_ABS24_15_1,79200,553.954
A_014_ABS24_15_2,67003,281.671
A_014_ABS24_15_3,57729,207.485
A_014_ABS24_15_4,71980,289.277
A_014_ABS24_15_5,67999,201.051
A_014_ABS25_15_1,240905,278.266
A_014_ABS25_15_2,202516,287.207
A_014_ABS25_15_3,183461,251.438
A_014_ABS25_15_4,219062,247.905
A_014_ABS25_15_5,205495,328.838
A_014_ABS26_15_1,241011,258.92
A_014_ABS26_15_2,202516,286.624
A_014_ABS26_15_3,183681,210.537
A_014_ABS26_15_4,219062,248.211
A_014_ABS26_15_5,205495,326.793
A_014_ABS27_15_1,241848,241.06
A_014_ABS27_15_2,202737,256.264
A_014_ABS27_15_3,183770,165.862
A_014_ABS27_15_4,219731,253.017
A_014_ABS27_15_5,206975,244.961
A_014_ABS28_15_1,617489,259.394
A_014_ABS28_15_2,515341,243.502
A_014_ABS28_15_3,469821,198.037
A_014_ABS28_15_4,559052,239.428
A_014_ABS28_15_5,525373,238.586
A_014_ABS29_15_1,617802,225.541
A_014_ABS29_15_2,515500,195.542
A_014_ABS29_15_3,469821,201.379
A_014_ABS29_15_4,559052,239.949
A_014_ABS29_15_5,525398,243.917
A_014_ABS30_15_1,618455,191.37
A_014_ABS30_15_2,515342,175.479
A_014_ABS30_15_3,470008,190.909
A_014_ABS30_15_4,559675,171.019
A_014_ABS30_15_5,526386,187.564
A_014_ABS31_15_1,233230,271.428
A_014_ABS31_15_2,194872,266.512
A_014_ABS31_15_3,176640,235.962
A_014_ABS31_15_4,211055,245.273
A_014_ABS31_15_5,198923,259.042
A_014_ABS32_15_1,233230,234.409
A_014_ABS32_15_2,194901,216.931
A_014_ABS32_15_3,176640,231.376
A_014_ABS32_15_4,211055,245.484
A_014_ABS32_15_5,199599,215.627
A_014_ABS33_15_1,233821,214.683
A_014_ABS33_15_2,195096,181.523
A_014_ABS33_15_3,177017,212.145
A_014_ABS33_15_4,212529,187.93
A_014_ABS33_15_5,199936,201.994
A_014_ABS34_15_1,606343,241.61
A_014_ABS34_15_2,505746,252.576
A_014_ABS34_15_3,459418,192.152
A_014_ABS34_15_4,548799,240.304
A_014_ABS34_15_5,515307,180.892
A_014_ABS35_15_1,606603,221.005
A_014_ABS35_15_2,506003,180.711
A_014_ABS35_15_3,459582,167.609
A_014_ABS35_15_4,549099,240.502
A_014_ABS35_15_5,515254,176.412
A_014_ABS36_15_1,606814,213.175
A_014_ABS36_15_2,506122,155.807
A_014_ABS36_15_3,459714,149.135
A_014_ABS36_15_4,549302,214.743
A_014_ABS36_15_5,516065,150.407
A_014_ABS37_15_1,246066,273.906
A_014_ABS37_15_2,207385,278.376
A_014_ABS37_15_3,187101,236.759
A_014_ABS37_15_4,223567,263.87
A_014_ABS37_15_5,210070,274.99
A_014_ABS38_15_1,245377,225.727
A_014_ABS38_15_2,207385,290.601
A_014_ABS38_15_3,187115,223.059
A_014_ABS38_15_4,223567,272.714
A_014_ABS38_15_5,209642,254.155
A_014_ABS39_15_1,247378,198.865
A_014_ABS39_15_2,207522,262.197
A_014_ABS39_15_3,187720,169.348
A_014_ABS39_15_4,223756,270.763
A_014_ABS39_15_5,211541,167.916
A_014_ABS40_15_1,623925,256.798
A_014_ABS40_15_2,520045,251.477
A_014_ABS40_15_3,473158,218.245
A_014_ABS40_15_4,563022,241.403
A_014_ABS40_15_5,529783,249.334
A_014_ABS41_15_1,624159,249.671
A_014_ABS41_15_2,520390,198.933
A_014_ABS41_15_3,473118,212.39
A_014_ABS41_15_4,563022,233.017
A_014_ABS41_15_5,529987,213.17
A_014_ABS42_15_1,624950,197.995
A_014_ABS42_15_2,520553,179.747
A_014_ABS42_15_3,473494,180.661
A_014_ABS42_15_4,563894,188.693
A_014_ABS42_15_5,532397,192.743
A_014_ABS43_15_1,240109,258.1
A_014_ABS43_15_2,199365,250.415
A_014_ABS43_15_3,180083,205.318
A_014_ABS43_15_4,215179,246.175
A_014_ABS43_15_5,203358,254.031
A_014_ABS44_15_1,240109,252.195
A_014_ABS44_15_2,199548,198.037
A_014_ABS44_15_3,180123,210.773
A_014_ABS44_15_4,215179,238.837
A_014_ABS44_15_5,203582,217.59
A_014_ABS45_15_1,240647,215.582
A_014_ABS45_15_2,200534,178.554
A_014_ABS45_15_3,180130,204.445
A_014_ABS45_15_4,218329,173.536
A_014_ABS45_15_5,204108,179.608
A_014_ABS46_15_1,609930,235.314
A_014_ABS46_15_2,510607,257.06
A_014_ABS46_15_3,462558,175.655
A_014_ABS46_15_4,552963,220.612
A_014_ABS46_15_5,519589,176.031
A_014_ABS47_15_1,610450,245.778
A_014_ABS47_15_2,511119,182.018
A_014_ABS47_15_3,462888,160.324
A_014_ABS47_15_4,553749,205.87
A_014_ABS47_15_5,519485,172.131
A_014_ABS48_15_1,611490,181
A_014_ABS48_15_2,511355,162.746
A_014_ABS48_15_3,463158,149.099
A_014_ABS48_15_4,554348,206.873
A_014_ABS48_15_5,520879,144.732
A_014_ABS49_15_1,78393,409.092
A_014_ABS49_15_2,84082,326.088
A_014_ABS49_15_3,57689,323.514
A_014_ABS49_15_4,78254,372.158
A_014_ABS49_15_5,82693,301.19
A_014_ABS50_15_1,79802,400.769
A_014_ABS50_15_2,84082,322.229
A_014_ABS50_15_3,58359,320.55
A_014_ABS50_15_4,75753,387.199
A_014_ABS50_15_5,81079,328.962
A_014_ABS51_15_1,83754,406.039
A_014_ABS51_15_2,84082,341.932
A_014_ABS51_15_3,62017,280.087
A_014_ABS51_15_4,79570,301.911
A_014_ABS51_15_5,84984,305.847
A_014_ABS52_15_1,119550,523.916
A_014_ABS52_15_2,116631,393.102
A_014_ABS52_15_3,89850,364.234
A_014_ABS52_15_4,113066,408.964
A_014_ABS52_15_5,120117,588.715
A_014_ABS53_15_1,124027,430.517
A_014_ABS53_15_2,116631,387.391
A_014_ABS53_15_3,95037,345.425
A_014_ABS53_15_4,113695,402.195
A_014_ABS53_15_5,120117,588.206
A_014_ABS54_15_1,126967,406.634
A_014_ABS54_15_2,115584,361.905
A_014_ABS54_15_3,102387,357.102
A_014_ABS54_15_4,122126,405.72
A_014_ABS54_15_5,126274,473.406
A_014_ABS55_15_1,84734,769.119
A_014_ABS55_15_2,69423,371.759
A_014_ABS55_15_3,54327,292.703
A_014_ABS55_15_4,67022,380.022
A_014_ABS55_15_5,74904,451.446
A_014_ABS56_15_1,84734,765.26
A_014_ABS56_15_2,69423,372.018
A_014_ABS56_15_3,56682,281.636
A_014_ABS56_15_4,67022,363.226
A_014_ABS56_15_5,74904,444.724
A_014_ABS57_15_1,78896,587.192
A_014_ABS57_15_2,71143,362.006
A_014_ABS57_15_3,57014,250.614
A_014_ABS57_15_4,71442,318.023
A_014_ABS57_15_5,80047,432.955
A_014_ABS58_15_1,113082,492.535
A_014_ABS58_15_2,102783,338.193
A_014_ABS58_15_3,80625,291.687
A_014_ABS58_15_4,107159,342.528
A_014_ABS58_15_5,100949,234.277
A_014_ABS59_15_1,112331,437.054
A_014_ABS59_15_2,104146,248.003
A_014_ABS59_15_3,81905,246.049
A_014_ABS59_15_4,103190,316.099
A_014_ABS59_15_5,100420,250.468
A_014_ABS60_15_1,116644,450.464
A_014_ABS60_15_2,105544,257.147
A_014_ABS60_15_3,84807,230.464
A_014_ABS60_15_4,109175,273.956
A_014_ABS60_15_5,111986,204.263
A_014_ABS61_15_1,118879,354.431
A_014_ABS61_15_2,128219,333.97
A_014_ABS61_15_3,88733,305.76
A_014_ABS61_15_4,124238,340.587
A_014_ABS61_15_5,113747,300.148
A_014_ABS62_15_1,123172,377.37
A_014_ABS62_15_2,128219,341.972
A_014_ABS62_15_3,91475,292.291
A_014_ABS62_15_4,123205,358.631
A_014_ABS62_15_5,115618,275.237
A_014_ABS63_15_1,131687,337.758
A_014_ABS63_15_2,129413,314.467
A_014_ABS63_15_3,94720,261.022
A_014_ABS63_15_4,124424,303.453
A_014_ABS63_15_5,145819,274.374
A_014_ABS64_15_1,171800,572.815
A_014_ABS64_15_2,155512,390.869
A_014_ABS64_15_3,118618,349.35
A_014_ABS64_15_4,153660,387.611
A_014_ABS64_15_5,148281,544.121
A_014_ABS65_15_1,158486,572.856
A_014_ABS65_15_2,155512,385.451
A_014_ABS65_15_3,132126,389.051
A_014_ABS65_15_4,154918,380.618
A_014_ABS65_15_5,163003,460.486
A_014_ABS66_15_1,170267,468.089
A_014_ABS66_15_2,161414,346.117
A_014_ABS66_15_3,144976,334.299
A_014_ABS66_15_4,165522,340.961
A_014_ABS66_15_5,173358,455.146
A_014_ABS67_15_1,119686,545.901
A_014_ABS67_15_2,112519,375.217
A_014_ABS67_15_3,84090,280.636
A_014_ABS67_15_4,120675,376.007
A_014_ABS67_15_5,105410,407.045
A_014_ABS68_15_1,119686,522.161
A_014_ABS68_15_2,112519,368.318
A_014_ABS68_15_3,84124,285.542
A_014_ABS68_15_4,120675,393.741
A_014_ABS68_15_5,124785,413.416
A_014_ABS69_15_1,123383,514.751
A_014_ABS69_15_2,117307,311.148
A_014_ABS69_15_3,90195,293.103
A_014_ABS69_15_4,118269,344.686
A_014_ABS69_15_5,132859,344.73
A_014_ABS70_15_1,157690,446.072
A_014_ABS70_15_2,146395,360.678
A_014_ABS70_15_3,110309,278.838
A_014_ABS70_15_4,156122,340.069
A_014_ABS70_15_5,143758,241.746
A_014_ABS71_15_1,162178,380.434
A_014_ABS71_15_2,149649,317.741
A_014_ABS71_15_3,120337,280.719
A_014_ABS71_15_4,145428,320.359
A_014_ABS71_15_5,139653,268.657
A_014_ABS72_15_1,165950,343.46
A_014_ABS72_15_2,149259,271.326
A_014_ABS72_15_3,117911,249.858
A_014_ABS72_15_4,156917,325.509
A_014_ABS72_15_5,154599,210.568
A_014_ABS73_15_1,27901,344.562
A_014_ABS73_15_2,24354,306.891
A_014_ABS73_15_3,20924,233.682
A_014_ABS73_15_4,25857,258.563
A_014_ABS73_15_5,24309,230.961
A_014_ABS74_15_1,28161,302.386
A_014_ABS74_15_2,24611,223.719
A_014_ABS74_15_3,21088,207.44
A_014_ABS74_15_4,26142,256.675
A_014_ABS74_15_5,24256,224.005
A_014_ABS75_15_1,28813,280.787
A_014_ABS75_15_2,24730,206.762
A_014_ABS75_15_3,21302,201.937
A_014_ABS75_15_4,26421,228.131
A_014_ABS75_15_5,24953,186.715
A_014_ABS76_15_1,67599,353.574
A_014_ABS76_15_2,57544,299.591
A_014_ABS76_15_3,50564,219.414
A_014_ABS76_15_4,62106,294.63
A_014_ABS76_15_5,58045,224.613
A_014_ABS77_15_1,67859,378.419
A_014_ABS77_15_2,57801,212.259
A_014_ABS77_15_3,50728,186.456
A_014_ABS77_15_4,62407,287.272
A_014_ABS77_15_5,57992,229.571
A_014_ABS78_15_1,68552,384.866
A_014_ABS78_15_2,57920,206.969
A_014_ABS78_15_3,50849,174.413
A_014_ABS78_15_4,62563,272.179
A_014_ABS78_15_5,58616,193.285
A_014_ABS79_15_1,31977,383.667
A_014_ABS79_15_2,28800,323.247
A_014_ABS79_15_3,23787,316.208
A_014_ABS79_15_4,29976,273.984
A_014_ABS79_15_5,28591,234.683
A_014_ABS80_15_1,32497,332.482
A_014_ABS80_15_2,29283,253.237
A_014_ABS80_15_3,24394,218.949
A_014_ABS80_15_4,30629,234.956
A_014_ABS80_15_5,28487,257.854
A_014_ABS81_15_1,34573,410.898
A_014_ABS81_15_2,29548,222.959
A_014_ABS81_15_3,24638,219.037
A_014_ABS81_15_4,30980,230.301
A_014_ABS81_15_5,30567,182.001
A_014_ABS82_15_1,71687,341.566
A_014_ABS82_15_2,61990,314.06
A_014_ABS82_15_3,53704,230.231
A_014_ABS82_15_4,65981,262.069
A_014_ABS82_15_5,61976,228.551
A_014_ABS83_15_1,72207,308.204
A_014_ABS83_15_2,62502,226.127
A_014_ABS83_15_3,54034,208.169
A_014_ABS83_15_4,66714,233.511
A_014_ABS83_15_5,61872,227.945
A_014_ABS84_15_1,73399,302.723
A_014_ABS84_15_2,62738,214.446
A_014_ABS84_15_3,54265,203.56
A_014_ABS84_15_4,67243,216.386
A_014_ABS84_15_5,64202,182.377
A_014_ABS85_15_1,227701,241.774
A_014_ABS85_15_2,191091,251.403
A_014_ABS85_15_3,172934,181.891
A_014_ABS85_15_4,206763,255.633
A_014_ABS85_15_5,194139,169.717
A_014_ABS86_15_1,227961,218.021
A_014_ABS86_15_2,191348,179.326
A_014_ABS86_15_3,173098,167.509
A_014_ABS86_15_4,207124,235.165
A_014_ABS86_15_5,194086,174.368
A_014_ABS87_15_1,228861,196.939
A_014_ABS87_15_2,191467,168.022
A_014_ABS87_15_3,173265,154.224
A_014_ABS87_15_4,207265,216.228
A_014_ABS87_15_5,195203,149.819
A_014_ABS88_15_1,600841,259.906
A_014_ABS88_15_2,501481,249.392
A_014_ABS88_15_3,455924,184.021
A_014_ABS88_15_4,544327,261.343
A_014_ABS88_15_5,510925,206.978
A_014_ABS89_15_1,601101,254.221
A_014_ABS89_15_2,501667,170.801
A_014_ABS89_15_3,456088,172.287
A_014_ABS89_15_4,544628,230.697
A_014_ABS89_15_5,510872,198.459
A_014_ABS90_15_1,601432,240.155
A_014_ABS90_15_2,501857,158.405
A_014_ABS90_15_3,456202,144.034
A_014_ABS90_15_4,544858,219.472
A_014_ABS90_15_5,511455,188.232
A_014_ABS91_15_1,233015,233.901
A_014_ABS91_15_2,195912,254.847
A_014_ABS91_15_3,175797,252.662
A_014_ABS91_15_4,210939,292.577
A_014_ABS91_15_5,198421,166.143
A_014_ABS92_15_1,232297,219.812
A_014_ABS92_15_2,196065,207.866
A_014_ABS92_15_3,176404,182.4
A_014_ABS92_15_4,211596,211.595
A_014_ABS92_15_5,198317,170.308
A_014_ABS93_15_1,233505,195.958
A_014_ABS93_15_2,196292,184.337
A_014_ABS93_15_3,176643,175.183
A_014_ABS93_15_4,211878,207.289
A_014_ABS93_15_5,200567,153.132
A_014_ABS94_15_1,604487,233.243
A_014_ABS94_15_2,506342,246.191
A_014_ABS94_15_3,459064,177.605
A_014_ABS94_15_4,548554,221.593
A_014_ABS94_15_5,514856,165.008
A_014_ABS95_15_1,605007,225.593
A_014_ABS95_15_2,506854,180.326
A_014_ABS95_15_3,459394,165.472
A_014_ABS95_15_4,549265,224.381
A_014_ABS95_15_5,514752,167.39
A_014_ABS96_15_1,606537,213.806
A_014_ABS96_15_2,507090,163.022
A_014_ABS96_15_3,459633,149.091
A_014_ABS96_15_4,549894,201.277
A_014_ABS96_15_5,517082,146.03
A_050_ABS1_50_1,115001,1832.28
A_050_ABS1_50_2,111147,2093.68
A_050_ABS1_50_3,104642,1791.52
A_050_ABS1_50_4,118578,2235.35
A_050_ABS1_50_5,103768,1979.03
A_050_ABS2_50_1,115931,1649.44
A_050_ABS2_50_2,112423,1991.93
A_050_ABS2_50_3,105326,1398.27
A_050_ABS2_50_4,120019,1551.25
A_050_ABS2_50_5,105015,1444.26
A_050_ABS3_50_1,118942,1904.84
A_050_ABS3_50_2,113127,1563.18
A_050_ABS3_50_3,107732,1099.3
A_050_ABS3_50_4,122911,1677.82
A_050_ABS3_50_5,108354,1456.92
A_050_ABS4_50_1,237067,1861.76
A_050_ABS4_50_2,230363,2007.26
A_050_ABS4_50_3,221585,1162.79
A_050_ABS4_50_4,254082,1439.36
A_050_ABS4_50_5,215586,1282.41
A_050_ABS5_50_1,237311,1524.33
A_050_ABS5_50_2,231569,1903.99
A_050_ABS5_50_3,222854,1230.27
A_050_ABS5_50_4,255272,1296.26
A_050_ABS5_50_5,217056,1172.41
A_050_ABS6_50_1,240182,1404.06
A_050_ABS6_50_2,234311,2279.48
A_050_ABS6_50_3,225256,1053.16
A_050_ABS6_50_4,258676,1404.91
A_050_ABS6_50_5,221000,1151.37
A_050_ABS7_50_1,93105,1516.95
A_050_ABS7_50_2,89510,1731.18
A_050_ABS7_50_3,86103,1935.71
A_050_ABS7_50_4,98833,2555.05
A_050_ABS7_50_5,85787,1958.32
A_050_ABS8_50_1,93755,1459.31
A_050_ABS8_50_2,90865,1735.07
A_050_ABS8_50_3,87111,1758.49
A_050_ABS8_50_4,100434,2133.75
A_050_ABS8_50_5,86851,1704.94
A_050_ABS9_50_1,96617,1596.74
A_050_ABS9_50_2,93332,2084.38
A_050_ABS9_50_3,89550,1713.32
A_050_ABS9_50_4,103843,2054.69
A_050_ABS9_50_5,90956,1785.3
A_050_ABS10_50_1,210263,1588.91
A_050_ABS10_50_2,205411,1620.48
A_050_ABS10_50_3,199801,1606.82
A_050_ABS10_50_4,228937,1433.55
A_050_ABS10_50_5,194366,1453.28
A_050_ABS11_50_1,211577,1577.96
A_050_ABS11_50_2,206184,1529.21
A_050_ABS11_50_3,201050,1545.58
A_050_ABS11_50_4,229998,1309.98
A_050_ABS11_50_5,195460,1332.37
A_050_ABS12_50_1,213455,1667.92
A_050_ABS12_50_2,208512,1319.65
A_050_ABS12_50_3,203740,1436.94
A_050_ABS12_50_4,233608,1271.9
A_050_ABS12_50_5,198723,1440.03
A_050_ABS13_50_1,125469,1835.02
A_050_ABS13_50_2,121598,1831.73
A_050_ABS13_50_3,113928,1587.81
A_050_ABS13_50_4,130129,1901.3
A_050_ABS13_50_5,115504,1627.21
A_050_ABS14_50_1,127787,1991.54
A_050_ABS14_50_2,122170,1513.48
A_050_ABS14_50_3,116092,1681.49
A_050_ABS14_50_4,133890,1707.67
A_050_ABS14_50_5,117508,1367.19
A_050_ABS15_50_1,131955,2015.13
A_050_ABS15_50_2,125785,1850.89
A_050_ABS15_50_3,120701,1448.85
A_050_ABS15_50_4,138714,1733.9
A_050_ABS15_50_5,125677,1563.47
A_050_ABS16_50_1,246108,1546.52
A_050_ABS16_50_2,238289,1580.06
A_050_ABS16_50_3,230658,1805.75
A_050_ABS16_50_4,264119,2199.99
A_050_ABS16_50_5,225221,1633.46
A_050_ABS17_50_1,248213,1593.7
A_050_ABS17_50_2,241155,1842.38
A_050_ABS17_50_3,233074,1715.22
A_050_ABS17_50_4,267149,1891.8
A_050_ABS17_50_5,230044,1597.51
A_050_ABS18_50_1,251815,1389.17
A_050_ABS18_50_2,246603,1792.93
A_050_ABS18_50_3,238005,1592.24
A_050_ABS18_50_4,273552,1948.01
A_050_ABS18_50_5,235869,1930.19
A_050_ABS19_50_1,101913,1892.52
A_050_ABS19_50_2,97259,1799.46
A_050_ABS19_50_3,94226,1866.54
A_050_ABS19_50_4,108798,2546.84
A_050_ABS19_50_5,94520,1266.96
A_050_ABS20_50_1,104741,1752.2
A_050_ABS20_50_2,101025,2813.54
A_050_ABS20_50_3,97619,2053.14
A_050_ABS20_50_4,112743,1891.5
A_050_ABS20_50_5,97978,1116.8
A_050_ABS21_50_1,108328,2000.83
A_050_ABS21_50_2,106582,2502.99
A_050_ABS21_50_3,101485,1754.6
A_050_ABS21_50_4,117615,2358.65
A_050_ABS21_50_5,104522,1120.43
A_050_ABS22_50_1,218971,1785.07
A_050_ABS22_50_2,213298,1696.11
A_050_ABS22_50_3,208063,1717.74
A_050_ABS22_50_4,238095,1241.62
A_050_ABS22_50_5,204383,1553.74
A_050_ABS23_50_1,220645,1599.08
A_050_ABS23_50_2,215854,1826.09
A_050_ABS23_50_3,210479,1873.54
A_050_ABS23_50_4,241511,1273.76
A_050_ABS23_50_5,207144,1401.9
A_050_ABS24_50_1,225806,1639.88
A_050_ABS24_50_2,219687,1217.58
A_050_ABS24_50_3,215968,1613.82
A_050_ABS24_50_4,248053,1200.01
A_050_ABS24_50_5,212980,1347.49
A_050_ABS25_50_1,725844,1150.43
A_050_ABS25_50_2,710493,994.978
A_050_ABS25_50_3,696140,1183.19
A_050_ABS25_50_4,798261,1116.94
A_050_ABS25_50_5,669090,961.91
A_050_ABS26_50_1,727124,855.574
A_050_ABS26_50_2,711614,813.367
A_050_ABS26_50_3,697687,913.029
A_050_ABS26_50_4,798697,835.509
A_050_ABS26_50_5,670721,859.937
A_050_ABS27_50_1,729636,660.402
A_050_ABS27_50_2,713500,548.216
A_050_ABS27_50_3,698774,596.447
A_050_ABS27_50_4,802175,625.088
A_050_ABS27_50_5,674091,651.103
A_050_ABS28_50_1,1.86454e+06,819.175
A_050_ABS28_50_2,1.82904e+06,782.477
A_050_ABS28_50_3,1.7977e+06,780.725
A_050_ABS28_50_4,2.06228e+06,716.415
A_050_ABS28_50_5,1.72207e+06,791.995
A_050_ABS29_50_1,1.8662e+06,742.122
A_050_ABS29_50_2,1.83048e+06,631.823
A_050_ABS29_50_3,1.79892e+06,663.358
A_050_ABS29_50_4,2.06364e+06,599.599
A_050_ABS29_50_5,1.72429e+06,685.213
A_050_ABS30_50_1,1.86818e+06,548.57
A_050_ABS30_50_2,1.83166e+06,486.609
A_050_ABS30_50_3,1.80136e+06,540.558
A_050_ABS30_50_4,2.06714e+06,476.229
A_050_ABS30_50_5,1.72823e+06,550.682
A_050_ABS31_50_1,702186,809.647
A_050_ABS31_50_2,688382,840.56
A_050_ABS31_50_3,675672,916.961
A_050_ABS31_50_4,776892,779.712
A_050_ABS31_50_5,649191,867.833
A_050_ABS32_50_1,703643,744.661
A_050_ABS32_50_2,689513,673.486
A_050_ABS32_50_3,676953,710.226
A_050_ABS32_50_4,778340,634.77
A_050_ABS32_50_5,650735,719.978
A_050_ABS33_50_1,706580,583.02
A_050_ABS33_50_2,691183,616.432
A_050_ABS33_50_3,679119,544.684
A_050_ABS33_50_4,780919,522.521
A_050_ABS33_50_5,654544,642.566
A_050_ABS34_50_1,1.82739e+06,982.653
A_050_ABS34_50_2,1.79366e+06,787.705
A_050_ABS34_50_3,1.76532e+06,1108.26
A_050_ABS34_50_4,2.02816e+06,906.518
A_050_ABS34_50_5,1.68968e+06,1007.87
A_050_ABS35_50_1,1.82871e+06,770.981
A_050_ABS35_50_2,1.79427e+06,668.304
A_050_ABS35_50_3,1.76684e+06,750.89
A_050_ABS35_50_4,2.02934e+06,678.755
A_050_ABS35_50_5,1.69128e+06,746.317
A_050_ABS36_50_1,1.83108e+06,579.465
A_050_ABS36_50_2,1.79717e+06,482.916
A_050_ABS36_50_3,1.76913e+06,553.195
A_050_ABS36_50_4,2.03247e+06,515.563
A_050_ABS36_50_5,1.69464e+06,653.159
A_050_ABS37_50_1,735671,1140.31
A_050_ABS37_50_2,720628,1120.65
A_050_ABS37_50_3,706566,1046.76
A_050_ABS37_50_4,809372,985.886
A_050_ABS37_50_5,680720,1203.03
A_050_ABS38_50_1,738929,913.792
A_050_ABS38_50_2,722686,822.24
A_050_ABS38_50_3,708411,844.143
A_050_ABS38_50_4,811611,851.998
A_050_ABS38_50_5,684700,851.124
A_050_ABS39_50_1,743678,723.738
A_050_ABS39_50_2,726092,587.515
A_050_ABS39_50_3,712429,624.884
A_050_ABS39_50_4,818837,578.351
A_050_ABS39_50_5,691548,751.907
A_050_ABS40_50_1,1.8733e+06,842.183
A_050_ABS40_50_2,1.83666e+06,769.937
A_050_ABS40_50_3,1.80692e+06,736.988
A_050_ABS40_50_4,2.07179e+06,721.711
A_050_ABS40_50_5,1.73191e+06,768.221
A_050_ABS41_50_1,1.87622e+06,667.676
A_050_ABS41_50_2,1.83955e+06,668.435
A_050_ABS41_50_3,1.80918e+06,640.188
A_050_ABS41_50_4,2.07449e+06,579.656
A_050_ABS41_50_5,1.73623e+06,701.253
A_050_ABS42_50_1,1.88107e+06,605.923
A_050_ABS42_50_2,1.84352e+06,555.004
A_050_ABS42_50_3,1.81376e+06,549.353
A_050_ABS42_50_4,2.0812e+06,454.697
A_050_ABS42_50_5,1.74244e+06,563.218
A_050_ABS43_50_1,711620,878.696
A_050_ABS43_50_2,697121,753.749
A_050_ABS43_50_3,684034,845.664
A_050_ABS43_50_4,786481,760.055
A_050_ABS43_50_5,659731,841.091
A_050_ABS44_50_1,713476,784.921
A_050_ABS44_50_2,697610,691.151
A_050_ABS44_50_3,685665,680.151
A_050_ABS44_50_4,789878,636.652
A_050_ABS44_50_5,662221,676.628
A_050_ABS45_50_1,719823,662.745
A_050_ABS45_50_2,703504,613.712
A_050_ABS45_50_3,690524,552.326
A_050_ABS45_50_4,795847,529.989
A_050_ABS45_50_5,670544,618.456
A_050_ABS46_50_1,1.83667e+06,988.187
A_050_ABS46_50_2,1.80226e+06,963.167
A_050_ABS46_50_3,1.77447e+06,861.332
A_050_ABS46_50_4,2.03892e+06,838.901
A_050_ABS46_50_5,1.7e+06,915.326
A_050_ABS47_50_1,1.83916e+06,766.138
A_050_ABS47_50_2,1.80448e+06,634.24
A_050_ABS47_50_3,1.77648e+06,775.04
A_050_ABS47_50_4,2.04181e+06,640.654
A_050_ABS47_50_5,1.70274e+06,716.203
A_050_ABS48_50_1,1.84405e+06,610.977
A_050_ABS48_50_2,1.80825e+06,549.653
A_050_ABS48_50_3,1.78225e+06,584.691
A_050_ABS48_50_4,2.04828e+06,515.772
A_050_ABS48_50_5,1.70986e+06,623.869
A_050_ABS49_50_1,154184,2069.83
A_050_ABS49_50_2,147890,2015.85
A_050_ABS49_50_3,141335,2180.61
A_050_ABS49_50_4,160517,1301.33
A_050_ABS49_50_5,147420,1537.85
A_050_ABS50_50_1,159229,1649.45
A_050_ABS50_50_2,150823,1722.8
A_050_ABS50_50_3,148204,1757.46
A_050_ABS50_50_4,168941,1676.76
A_050_ABS50_50_5,151162,1397.83
A_050_ABS51_50_1,173958,1646.52
A_050_ABS51_50_2,160088,2058.26
A_050_ABS51_50_3,158948,1966.03
A_050_ABS51_50_4,185281,1327.07
A_050_ABS51_50_5,172802,1285.99
A_050_ABS52_50_1,271610,1291.89
A_050_ABS52_50_2,263102,1840.36
A_050_ABS52_50_3,256783,1188.8
A_050_ABS52_50_4,293154,2023.28
A_050_ABS52_50_5,255163,1092.06
A_050_ABS53_50_1,275756,1138.47
A_050_ABS53_50_2,268104,1775.87
A_050_ABS53_50_3,261588,1236.92
A_050_ABS53_50_4,301368,1411.15
A_050_ABS53_50_5,261217,979.746
A_050_ABS54_50_1,287799,1126.51
A_050_ABS54_50_2,280869,1704.93
A_050_ABS54_50_3,272733,1256.21
A_050_ABS54_50_4,316890,1830.35
A_050_ABS54_50_5,278553,1029.95
A_050_ABS55_50_1,126472,1736.88
A_050_ABS55_50_2,122457,2092.68
A_050_ABS55_50_3,118636,1620.54
A_050_ABS55_50_4,137990,2330.14
A_050_ABS55_50_5,127240,1985.13
A_050_ABS56_50_1,133970,1500.8
A_050_ABS56_50_2,129480,2493.86
A_050_ABS56_50_3,123948,1451.52
A_050_ABS56_50_4,147087,2468.91
A_050_ABS56_50_5,135237,2364.78
A_050_ABS57_50_1,148619,2378.48
A_050_ABS57_50_2,139094,2530.79
A_050_ABS57_50_3,136767,1532.27
A_050_ABS57_50_4,162591,2430.28
A_050_ABS57_50_5,149301,2803.85
A_050_ABS58_50_1,244669,1422.27
A_050_ABS58_50_2,236989,1368.96
A_050_ABS58_50_3,232774,1352.82
A_050_ABS58_50_4,266786,1255.35
A_050_ABS58_50_5,233275,1229.11
A_050_ABS59_50_1,249757,1255.39
A_050_ABS59_50_2,242744,1248.17
A_050_ABS59_50_3,238044,1152.4
A_050_ABS59_50_4,274487,1208.84
A_050_ABS59_50_5,240134,1173.45
A_050_ABS60_50_1,263086,1391.75
A_050_ABS60_50_2,252539,1212.55
A_050_ABS60_50_3,251383,1186.69
A_050_ABS60_50_4,290377,1051.98
A_050_ABS60_50_5,256051,1256.98
A_050_ABS61_50_1,199315,1471.2
A_050_ABS61_50_2,187579,1871.94
A_050_ABS61_50_3,189424,1969.79
A_050_ABS61_50_4,211363,1504.58
A_050_ABS61_50_5,195913,1269.53
A_050_ABS62_50_1,205417,1177.44
A_050_ABS62_50_2,197681,1419.06
A_050_ABS62_50_3,200411,1563.41
A_050_ABS62_50_4,224679,1420.61
A_050_ABS62_50_5,215092,1575.78
A_050_ABS63_50_1,235981,1251.13
A_050_ABS63_50_2,222387,1589.23
A_050_ABS63_50_3,219894,1065.06
A_050_ABS63_50_4,264274,1606.41
A_050_ABS63_50_5,251688,1529.73
A_050_ABS64_50_1,315886,1311.74
A_050_ABS64_50_2,302699,1343.54
A_050_ABS64_50_3,295731,1381.46
A_050_ABS64_50_4,343863,2209.43
A_050_ABS64_50_5,297894,1281.22
A_050_ABS65_50_1,326276,1261.58
A_050_ABS65_50_2,315880,1462.4
A_050_ABS65_50_3,311241,1359.39
A_050_ABS65_50_4,364005,2162.66
A_050_ABS65_50_5,316888,1154.02
A_050_ABS66_50_1,352206,1118.68
A_050_ABS66_50_2,342416,1460.04
A_050_ABS66_50_3,334621,1510.07
A_050_ABS66_50_4,393802,2343.96
A_050_ABS66_50_5,347896,1102.6
A_050_ABS67_50_1,171207,1447.67
A_050_ABS67_50_2,164230,2371.36
A_050_ABS67_50_3,163471,2060.15
A_050_ABS67_50_4,184966,2202.73
A_050_ABS67_50_5,175441,1889.84
A_050_ABS68_50_1,182685,1581.21
A_050_ABS68_50_2,179575,2740.93
A_050_ABS68_50_3,175076,2014.02
A_050_ABS68_50_4,202393,1969.4
A_050_ABS68_50_5,193759,1810.88
A_050_ABS69_50_1,202351,1349.25
A_050_ABS69_50_2,205485,3005.88
A_050_ABS69_50_3,195875,1890.43
A_050_ABS69_50_4,234182,2087.42
A_050_ABS69_50_5,224183,1351.45
A_050_ABS70_50_1,286002,1453.54
A_050_ABS70_50_2,275143,1368.38
A_050_ABS70_50_3,273945,1336.02
A_050_ABS70_50_4,309976,1302.36
A_050_ABS70_50_5,279821,1392.14
A_050_ABS71_50_1,296049,1425.09
A_050_ABS71_50_2,282211,1359.5
A_050_ABS71_50_3,284232,1331.41
A_050_ABS71_50_4,332682,1117.42
A_050_ABS71_50_5,293831,1366.1
A_050_ABS72_50_1,325151,1309.06
A_050_ABS72_50_2,312297,1473.57
A_050_ABS72_50_3,310063,1193.56
A_050_ABS72_50_4,359050,1129.01
A_050_ABS72_50_5,328149,1388.89
A_050_ABS73_50_1,79046,2646.34
A_050_ABS73_50_2,77313,1638.86
A_050_ABS73_50_3,76513,1685.02
A_050_ABS73_50_4,87767,1321.32
A_050_ABS73_50_5,74806,2099.89
A_050_ABS74_50_1,80280,2455.65
A_050_ABS74_50_2,78032,1621.19
A_050_ABS74_50_3,77647,1465.61
A_050_ABS74_50_4,89127,1202.5
A_050_ABS74_50_5,76283,2154.2
A_050_ABS75_50_1,82427,2575.89
A_050_ABS75_50_2,80478,1276.94
A_050_ABS75_50_3,80522,1377.05
A_050_ABS75_50_4,91930,1028.29
A_050_ABS75_50_5,79632,2094.38
A_050_ABS76_50_1,196143,2774.08
A_050_ABS76_50_2,192938,2292.15
A_050_ABS76_50_3,190740,1657.66
A_050_ABS76_50_4,218026,1966.3
A_050_ABS76_50_5,183502,2389.39
A_050_ABS77_50_1,197145,2961.44
A_050_ABS77_50_2,193605,2588.58
A_050_ABS77_50_3,191861,1565.12
A_050_ABS77_50_4,218865,1899.19
A_050_ABS77_50_5,185203,2095.28
A_050_ABS78_50_1,199670,2792.73
A_050_ABS78_50_2,195967,2392.3
A_050_ABS78_50_3,194191,1430.12
A_050_ABS78_50_4,222676,1823.57
A_050_ABS78_50_5,188272,2218.1
A_050_ABS79_50_1,87411,1946.36
A_050_ABS79_50_2,85026,1949.58
A_050_ABS79_50_3,84528,1656.56
A_050_ABS79_50_4,96922,1292.27
A_050_ABS79_50_5,84280,2051.56
A_050_ABS80_50_1,89969,1896.6
A_050_ABS80_50_2,86429,2077
A_050_ABS80_50_3,87107,1545.02
A_050_ABS80_50_4,99643,1299.16
A_050_ABS80_50_5,87377,1997.99
A_050_ABS81_50_1,94371,1661.68
A_050_ABS81_50_2,91464,2214.53
A_050_ABS81_50_3,92078,1709.71
A_050_ABS81_50_4,106474,1146.97
A_050_ABS81_50_5,94850,1952.07
A_050_ABS82_50_1,205444,1991.15
A_050_ABS82_50_2,201237,2334.59
A_050_ABS82_50_3,198911,1955.43
A_050_ABS82_50_4,227038,1669.95
A_050_ABS82_50_5,193156,2164.85
A_050_ABS83_50_1,206865,1911.04
A_050_ABS83_50_2,202334,2162.98
A_050_ABS83_50_3,200581,1842.38
A_050_ABS83_50_4,229639,1732.94
A_050_ABS83_50_5,196386,2280.5
A_050_ABS84_50_1,211553,1814.68
A_050_ABS84_50_2,206997,2178.48
A_050_ABS84_50_3,206092,1971.55
A_050_ABS84_50_4,236538,1684.16
A_050_ABS84_50_5,202248,2223.61
A_050_ABS85_50_1,683593,866.441
A_050_ABS85_50_2,671754,686.201
A_050_ABS85_50_3,662690,898.691
A_050_ABS85_50_4,761119,896.561
A_050_ABS85_50_5,633942,1027.38
A_050_ABS86_50_1,684849,714.291
A_050_ABS86_50_2,672733,655.873
A_050_ABS86_50_3,663982,714.009
A_050_ABS86_50_4,762414,780.982
A_050_ABS86_50_5,635995,752.04
A_050_ABS87_50_1,687153,572.605
A_050_ABS87_50_2,674732,488.036
A_050_ABS87_50_3,666551,560.234
A_050_ABS87_50_4,766038,605.036
A_050_ABS87_50_5,639312,649.959
A_050_ABS88_50_1,1.80709e+06,904.576
A_050_ABS88_50_2,1.77628e+06,956.885
A_050_ABS88_50_3,1.75222e+06,719.112
A_050_ABS88_50_4,2.01222e+06,922.293
A_050_ABS88_50_5,1.67356e+06,969.483
A_050_ABS89_50_1,1.80847e+06,718.261
A_050_ABS89_50_2,1.77702e+06,667.58
A_050_ABS89_50_3,1.75382e+06,576.244
A_050_ABS89_50_4,2.01268e+06,740.644
A_050_ABS89_50_5,1.67551e+06,743.845
A_050_ABS90_50_1,1.81082e+06,572.69
A_050_ABS90_50_2,1.7799e+06,657.352
A_050_ABS90_50_3,1.7562e+06,500.955
A_050_ABS90_50_4,2.01585e+06,544.538
A_050_ABS90_50_5,1.67809e+06,593.81
A_050_ABS91_50_1,692771,894.626
A_050_ABS91_50_2,679902,816.928
A_050_ABS91_50_3,670703,723.443
A_050_ABS91_50_4,771404,839.635
A_050_ABS91_50_5,644469,891.382
A_050_ABS92_50_1,695496,745.182
A_050_ABS92_50_2,682092,677.073
A_050_ABS92_50_3,672775,604.442
A_050_ABS92_50_4,775220,678.522
A_050_ABS92_50_5,647011,672.63
A_050_ABS93_50_1,700202,616.746
A_050_ABS93_50_2,686618,560.702
A_050_ABS93_50_3,678058,494.223
A_050_ABS93_50_4,781394,553.187
A_050_ABS93_50_5,654700,617.505
A_050_ABS94_50_1,1.81696e+06,986.749
A_050_ABS94_50_2,1.78578e+06,651.954
A_050_ABS94_50_3,1.76112e+06,887.911
A_050_ABS94_50_4,2.02317e+06,884.504
A_050_ABS94_50_5,1.68473e+06,926.049
A_050_ABS95_50_1,1.81974e+06,693.705
A_050_ABS95_50_2,1.78673e+06,580.131
A_050_ABS95_50_3,1.76276e+06,684.279
A_050_ABS95_50_4,2.02619e+06,634.738
A_050_ABS95_50_5,1.68758e+06,734.051
A_050_ABS96_50_1,1.82422e+06,564.507
A_050_ABS96_50_2,1.79182e+06,455.875
A_050_ABS96_50_3,1.76832e+06,537.396
A_050_ABS96_50_4,2.03139e+06,561.179
A_050_ABS96_50_5,1.69464e+06,622.47
A_100_ABS1_100_1,203950,2639.96
A_100_ABS1_100_2,198033,2991.05
A_100_ABS1_100_3,201842,3003.78
A_100_ABS1_100_4,197435,4425.87
A_100_ABS1_100_5,208335,2228.55
A_100_ABS2_100_1,206142,2047.89
A_100_ABS2_100_2,199648,2724.37
A_100_ABS2_100_3,203834,3039.32
A_100_ABS2_100_4,199465,4417.46
A_100_ABS2_100_5,211462,1793.12
A_100_ABS3_100_1,212036,1713.52
A_100_ABS3_100_2,205369,2397.33
A_100_ABS3_100_3,210601,2255.25
A_100_ABS3_100_4,203469,3900.55
A_100_ABS3_100_5,218833,1809.95
A_100_ABS4_100_1,432916,3762.16
A_100_ABS4_100_2,412153,5176.82
A_100_ABS4_100_3,424095,3447.73
A_100_ABS4_100_4,405757,4137.82
A_100_ABS4_100_5,440105,2958.24
A_100_ABS5_100_1,435596,5304.26
A_100_ABS5_100_2,413975,4305.95
A_100_ABS5_100_3,426920,3346.21
A_100_ABS5_100_4,407220,3878.32
A_100_ABS5_100_5,443277,3149.72
A_100_ABS6_100_1,441180,5911.87
A_100_ABS6_100_2,419938,5439.98
A_100_ABS6_100_3,433736,3887.43
A_100_ABS6_100_4,412667,3507.57
A_100_ABS6_100_5,449924,3325.09
A_100_ABS7_100_1,170732,3467.49
A_100_ABS7_100_2,161792,6306.85
A_100_ABS7_100_3,166647,4614.69
A_100_ABS7_100_4,156529,5863.96
A_100_ABS7_100_5,173189,4201.95
A_100_ABS8_100_1,173122,3130.89
A_100_ABS8_100_2,164456,6687.52
A_100_ABS8_100_3,168781,4227.51
A_100_ABS8_100_4,158594,4619.58
A_100_ABS8_100_5,176936,4140.83
A_100_ABS9_100_1,178277,3013.2
A_100_ABS9_100_2,169448,6312.62
A_100_ABS9_100_3,176146,4741.69
A_100_ABS9_100_4,164376,5585.15
A_100_ABS9_100_5,182947,4418.46
A_100_ABS10_100_1,391990,2904.51
A_100_ABS10_100_2,366433,3643.13
A_100_ABS10_100_3,381186,2839.72
A_100_ABS10_100_4,355423,2751.68
A_100_ABS10_100_5,396554,2880.12
A_100_ABS11_100_1,393912,2891.42
A_100_ABS11_100_2,368677,3637.08
A_100_ABS11_100_3,383754,2451.72
A_100_ABS11_100_4,357127,2880.98
A_100_ABS11_100_5,400599,2753.65
A_100_ABS12_100_1,399771,3048.03
A_100_ABS12_100_2,373954,3801.22
A_100_ABS12_100_3,390369,2623.87
A_100_ABS12_100_4,362095,3148.34
A_100_ABS12_100_5,406407,2834.36
A_100_ABS13_100_1,221799,2406.33
A_100_ABS13_100_2,214433,3104.21
A_100_ABS13_100_3,221028,2943.8
A_100_ABS13_100_4,214358,3089.45
A_100_ABS13_100_5,227967,2808.11
A_100_ABS14_100_1,227085,2001.76
A_100_ABS14_100_2,219462,2446.78
A_100_ABS14_100_3,226965,2648.37
A_100_ABS14_100_4,218216,3122.3
A_100_ABS14_100_5,234990,2993.43
A_100_ABS15_100_1,238034,1711.05
A_100_ABS15_100_2,229689,2547.1
A_100_ABS15_100_3,240209,2432.69
A_100_ABS15_100_4,227182,2530.64
A_100_ABS15_100_5,247218,2393.49
A_100_ABS16_100_1,449034,2595.35
A_100_ABS16_100_2,427380,3633.76
A_100_ABS16_100_3,442379,3341.76
A_100_ABS16_100_4,420305,5596.85
A_100_ABS16_100_5,457940,3059.97
A_100_ABS17_100_1,454454,2488.16
A_100_ABS17_100_2,431967,3975.78
A_100_ABS17_100_3,446226,3020.47
A_100_ABS17_100_4,423428,4685.35
A_100_ABS17_100_5,464052,3265.59
A_100_ABS18_100_1,464791,2618.37
A_100_ABS18_100_2,441637,3784.64
A_100_ABS18_100_3,459540,3326.03
A_100_ABS18_100_4,433164,5357.86
A_100_ABS18_100_5,475904,3567.56
A_100_ABS19_100_1,187522,3380.94
A_100_ABS19_100_2,177001,4534.13
A_100_ABS19_100_3,183333,4156.71
A_100_ABS19_100_4,171555,5623.54
A_100_ABS19_100_5,190936,3267.15
A_100_ABS20_100_1,192177,3476.19
A_100_ABS20_100_2,182208,4340.62
A_100_ABS20_100_3,190447,3842.48
A_100_ABS20_100_4,174813,4170.79
A_100_ABS20_100_5,198170,3431.24
A_100_ABS21_100_1,203403,3553.08
A_100_ABS21_100_2,190954,4304.84
A_100_ABS21_100_3,202600,4147.88
A_100_ABS21_100_4,185653,4412.89
A_100_ABS21_100_5,209833,3687.22
A_100_ABS22_100_1,407234,2785.75
A_100_ABS22_100_2,380922,3577.79
A_100_ABS22_100_3,397856,3607.7
A_100_ABS22_100_4,369106,2699.58
A_100_ABS22_100_5,412505,2595.64
A_100_ABS23_100_1,412021,2960.69
A_100_ABS23_100_2,385133,3568.63
A_100_ABS23_100_3,403530,3694.45
A_100_ABS23_100_4,371987,2817.35
A_100_ABS23_100_5,421393,2889.99
A_100_ABS24_100_1,422534,2582.92
A_100_ABS24_100_2,395792,3782.24
A_100_ABS24_100_3,416253,3730.81
A_100_ABS24_100_4,383423,3370.62
A_100_ABS24_100_5,431710,2952.72
A_100_ABS25_100_1,1.3779e+06,2360.13
A_100_ABS25_100_2,1.29024e+06,2671.91
A_100_ABS25_100_3,1.34616e+06,2514.47
A_100_ABS25_100_4,1.25773e+06,2235.03
A_100_ABS25_100_5,1.39796e+06,2274.66
A_100_ABS26_100_1,1.38053e+06,1873.63
A_100_ABS26_100_2,1.29285e+06,2215.81
A_100_ABS26_100_3,1.34854e+06,1964.82
A_100_ABS26_100_4,1.25992e+06,1588.12
A_100_ABS26_100_5,1.40064e+06,1801.8
A_100_ABS27_100_1,1.38604e+06,1322.93
A_100_ABS27_100_2,1.29826e+06,1517.91
A_100_ABS27_100_3,1.35507e+06,1368.44
A_100_ABS27_100_4,1.26447e+06,1296.91
A_100_ABS27_100_5,1.4071e+06,1306.72
A_100_ABS28_100_1,3.5613e+06,1616.45
A_100_ABS28_100_2,3.32316e+06,1967.39
A_100_ABS28_100_3,3.47121e+06,1909.81
A_100_ABS28_100_4,3.2268e+06,1827.46
A_100_ABS28_100_5,3.60749e+06,1742.93
A_100_ABS29_100_1,3.56444e+06,1491.48
A_100_ABS29_100_2,3.32556e+06,1605.88
A_100_ABS29_100_3,3.47473e+06,1551.62
A_100_ABS29_100_4,3.22828e+06,1634
A_100_ABS29_100_5,3.61076e+06,1515.06
A_100_ABS30_100_1,3.57001e+06,1228.46
A_100_ABS30_100_2,3.33122e+06,1305.15
A_100_ABS30_100_3,3.48094e+06,1244.59
A_100_ABS30_100_4,3.23337e+06,1449.44
A_100_ABS30_100_5,3.61739e+06,1220.48
A_100_ABS31_100_1,1.34247e+06,1828.66
A_100_ABS31_100_2,1.25146e+06,2336.8
A_100_ABS31_100_3,1.30644e+06,2288.98
A_100_ABS31_100_4,1.21255e+06,1874.63
A_100_ABS31_100_5,1.35992e+06,1901.28
A_100_ABS32_100_1,1.34505e+06,1477.46
A_100_ABS32_100_2,1.25396e+06,2067.65
A_100_ABS32_100_3,1.31088e+06,1884.35
A_100_ABS32_100_4,1.21522e+06,1617.65
A_100_ABS32_100_5,1.36114e+06,1515.71
A_100_ABS33_100_1,1.35121e+06,1186.81
A_100_ABS33_100_2,1.25977e+06,1712.16
A_100_ABS33_100_3,1.31771e+06,1614.73
A_100_ABS33_100_4,1.21957e+06,1520.98
A_100_ABS33_100_5,1.36915e+06,1247.55
A_100_ABS34_100_1,3.49899e+06,1879.37
A_100_ABS34_100_2,3.25557e+06,2573.41
A_100_ABS34_100_3,3.4059e+06,2259.17
A_100_ABS34_100_4,3.15234e+06,2044.39
A_100_ABS34_100_5,3.54058e+06,1748.56
A_100_ABS35_100_1,3.50114e+06,1562.83
A_100_ABS35_100_2,3.25712e+06,2129.92
A_100_ABS35_100_3,3.40832e+06,1893.83
A_100_ABS35_100_4,3.15423e+06,1619.52
A_100_ABS35_100_5,3.54387e+06,1531.56
A_100_ABS36_100_1,3.50711e+06,1149.87
A_100_ABS36_100_2,3.26245e+06,1649.98
A_100_ABS36_100_3,3.41473e+06,1558.64
A_100_ABS36_100_4,3.15938e+06,1488.52
A_100_ABS36_100_5,3.54999e+06,1140.57
A_100_ABS37_100_1,1.39694e+06,2070.12
A_100_ABS37_100_2,1.30895e+06,2456.5
A_100_ABS37_100_3,1.36562e+06,2473.88
A_100_ABS37_100_4,1.27514e+06,2177.58
A_100_ABS37_100_5,1.41822e+06,2051.73
A_100_ABS38_100_1,1.40296e+06,1689.02
A_100_ABS38_100_2,1.31375e+06,1893.41
A_100_ABS38_100_3,1.37313e+06,1790.65
A_100_ABS38_100_4,1.27896e+06,1696.6
A_100_ABS38_100_5,1.4243e+06,1643.83
A_100_ABS39_100_1,1.41406e+06,1269.64
A_100_ABS39_100_2,1.32448e+06,1484.3
A_100_ABS39_100_3,1.38499e+06,1571.06
A_100_ABS39_100_4,1.28878e+06,1443.33
A_100_ABS39_100_5,1.43607e+06,1207.74
A_100_ABS40_100_1,3.57783e+06,1715.51
A_100_ABS40_100_2,3.33924e+06,2121.6
A_100_ABS40_100_3,3.48943e+06,2040.63
A_100_ABS40_100_4,3.2415e+06,1913.9
A_100_ABS40_100_5,3.62568e+06,1569.32
A_100_ABS41_100_1,3.58386e+06,1415.21
A_100_ABS41_100_2,3.34427e+06,1854.39
A_100_ABS41_100_3,3.49667e+06,1819.64
A_100_ABS41_100_4,3.24546e+06,1727.4
A_100_ABS41_100_5,3.63155e+06,1363.32
A_100_ABS42_100_1,3.59612e+06,1155.74
A_100_ABS42_100_2,3.35434e+06,1579.22
A_100_ABS42_100_3,3.51012e+06,1530.91
A_100_ABS42_100_4,3.25539e+06,1501.07
A_100_ABS42_100_5,3.64507e+06,1165.91
A_100_ABS43_100_1,1.35873e+06,1780.34
A_100_ABS43_100_2,1.2682e+06,2143.42
A_100_ABS43_100_3,1.32436e+06,2007.45
A_100_ABS43_100_4,1.22863e+06,1935.45
A_100_ABS43_100_5,1.37854e+06,1872.88
A_100_ABS44_100_1,1.36458e+06,1485.4
A_100_ABS44_100_2,1.2733e+06,1895.82
A_100_ABS44_100_3,1.33101e+06,1720.02
A_100_ABS44_100_4,1.2324e+06,1764.6
A_100_ABS44_100_5,1.38292e+06,1576.73
A_100_ABS45_100_1,1.3756e+06,1249.54
A_100_ABS45_100_2,1.28338e+06,1676.98
A_100_ABS45_100_3,1.34519e+06,1532.1
A_100_ABS45_100_4,1.24273e+06,1558.07
A_100_ABS45_100_5,1.39666e+06,1362.24
A_100_ABS46_100_1,3.51608e+06,1753.27
A_100_ABS46_100_2,3.27104e+06,2286.87
A_100_ABS46_100_3,3.42318e+06,2300.26
A_100_ABS46_100_4,3.16774e+06,2037.46
A_100_ABS46_100_5,3.55822e+06,1972.07
A_100_ABS47_100_1,3.5206e+06,1487.96
A_100_ABS47_100_2,3.27509e+06,2073.89
A_100_ABS47_100_3,3.4298e+06,2035.35
A_100_ABS47_100_4,3.17162e+06,1776.33
A_100_ABS47_100_5,3.5663e+06,1669.66
A_100_ABS48_100_1,3.53305e+06,1207.28
A_100_ABS48_100_2,3.28544e+06,1748.45
A_100_ABS48_100_3,3.44295e+06,1725.78
A_100_ABS48_100_4,3.18098e+06,1507.47
A_100_ABS48_100_5,3.57833e+06,1485.44
A_100_ABS49_100_1,273758,2333.43
A_100_ABS49_100_2,263152,3401.69
A_100_ABS49_100_3,275168,2993.65
A_100_ABS49_100_4,257415,2994.59
A_100_ABS49_100_5,282703,2462.5
A_100_ABS50_100_1,284896,2152.24
A_100_ABS50_100_2,275872,3373.39
A_100_ABS50_100_3,288577,2762.02
A_100_ABS50_100_4,268639,3103.03
A_100_ABS50_100_5,298469,2004.6
A_100_ABS51_100_1,313504,2039.99
A_100_ABS51_100_2,302824,3112.77
A_100_ABS51_100_3,324188,2928.31
A_100_ABS51_100_4,293315,2793.15
A_100_ABS51_100_5,329681,2174.3
A_100_ABS52_100_1,497941,2841.8
A_100_ABS52_100_2,472644,4369.81
A_100_ABS52_100_3,490065,3337.7
A_100_ABS52_100_4,462749,4374.95
A_100_ABS52_100_5,508626,3091.16
A_100_ABS53_100_1,508887,2909.08
A_100_ABS53_100_2,491032,6999.84
A_100_ABS53_100_3,506000,3008.31
A_100_ABS53_100_4,470582,3624.95
A_100_ABS53_100_5,526327,3028.34
A_100_ABS54_100_1,536483,2775.65
A_100_ABS54_100_2,510869,5001.99
A_100_ABS54_100_3,541685,3438.88
A_100_ABS54_100_4,495588,4168.08
A_100_ABS54_100_5,556622,3067.93
A_100_ABS55_100_1,234460,3671.48
A_100_ABS55_100_2,223081,4647.97
A_100_ABS55_100_3,235997,5107.85
A_100_ABS55_100_4,212647,5557.32
A_100_ABS55_100_5,242355,4332.85
A_100_ABS56_100_1,245962,3794.47
A_100_ABS56_100_2,233541,4307.51
A_100_ABS56_100_3,247637,4481.7
A_100_ABS56_100_4,227238,6776.19
A_100_ABS56_100_5,259660,4061.7
A_100_ABS57_100_1,275187,3536.14
A_100_ABS57_100_2,259291,4144.75
A_100_ABS57_100_3,282272,5121.62
A_100_ABS57_100_4,249197,7236.7
A_100_ABS57_100_5,288035,4012.27
A_100_ABS58_100_1,455728,3152.05
A_100_ABS58_100_2,424448,3165.9
A_100_ABS58_100_3,447185,3693.08
A_100_ABS58_100_4,410158,2846.14
A_100_ABS58_100_5,461081,3210.72
A_100_ABS59_100_1,467717,3457.63
A_100_ABS59_100_2,437183,3696.62
A_100_ABS59_100_3,462651,3861.71
A_100_ABS59_100_4,420707,3104.79
A_100_ABS59_100_5,482742,3623.42
A_100_ABS60_100_1,493586,3219.78
A_100_ABS60_100_2,458853,3298.86
A_100_ABS60_100_3,494390,4106.13
A_100_ABS60_100_4,444000,3011.14
A_100_ABS60_100_5,508572,3335.26
A_100_ABS61_100_1,354094,2645.82
A_100_ABS61_100_2,338677,3522.48
A_100_ABS61_100_3,365198,3391.09
A_100_ABS61_100_4,329413,3089.71
A_100_ABS61_100_5,369353,2590.15
A_100_ABS62_100_1,382466,2432.84
A_100_ABS62_100_2,367713,3225.06
A_100_ABS62_100_3,390723,3065.35
A_100_ABS62_100_4,349909,2923.17
A_100_ABS62_100_5,406582,2826.8
A_100_ABS63_100_1,438227,2132.03
A_100_ABS63_100_2,411647,3142.03
A_100_ABS63_100_3,462974,2853.52
A_100_ABS63_100_4,401715,2944.17
A_100_ABS63_100_5,469669,2295.71
A_100_ABS64_100_1,575895,3038.36
A_100_ABS64_100_2,545564,3617
A_100_ABS64_100_3,579292,3508.14
A_100_ABS64_100_4,532114,4633.85
A_100_ABS64_100_5,595567,3090.89
A_100_ABS65_100_1,606865,3276.4
A_100_ABS65_100_2,571450,3536.61
A_100_ABS65_100_3,608678,3532.08
A_100_ABS65_100_4,547186,4484.78
A_100_ABS65_100_5,629128,3370.7
A_100_ABS66_100_1,655012,3266.3
A_100_ABS66_100_2,623844,3777.25
A_100_ABS66_100_3,672470,3373.32
A_100_ABS66_100_4,603591,4660.89
A_100_ABS66_100_5,690575,3052.76
A_100_ABS67_100_1,318902,4251.92
A_100_ABS67_100_2,295553,5212.92
A_100_ABS67_100_3,322174,7181.75
A_100_ABS67_100_4,273361,4086.07
A_100_ABS67_100_5,327779,4420.6
A_100_ABS68_100_1,339637,4275.93
A_100_ABS68_100_2,324404,5261.39
A_100_ABS68_100_3,359588,7554.51
A_100_ABS68_100_4,303628,4194.89
A_100_ABS68_100_5,361342,4140.36
A_100_ABS69_100_1,398399,4173.69
A_100_ABS69_100_2,374585,4944.75
A_100_ABS69_100_3,428470,10094.1
A_100_ABS69_100_4,350843,4234.27
A_100_ABS69_100_5,421559,3939.67
A_100_ABS70_100_1,531040,3478.42
A_100_ABS70_100_2,493701,4412.41
A_100_ABS70_100_3,531827,4864.21
A_100_ABS70_100_4,476594,3207.2
A_100_ABS70_100_5,542137,4922.76
A_100_ABS71_100_1,558438,3691.57
A_100_ABS71_100_2,526509,4878.87
A_100_ABS71_100_3,557912,4861.96
A_100_ABS71_100_4,491611,3230.23
A_100_ABS71_100_5,583704,4950.17
A_100_ABS72_100_1,612822,4031.36
A_100_ABS72_100_2,572236,4814.11
A_100_ABS72_100_3,620720,5118.76
A_100_ABS72_100_4,548113,3858.2
A_100_ABS72_100_5,643795,5074.17
A_100_ABS73_100_1,147953,4157.45
A_100_ABS73_100_2,137325,5493.78
A_100_ABS73_100_3,144906,4616.35
A_100_ABS73_100_4,132650,5517.65
A_100_ABS73_100_5,150159,4486.77
A_100_ABS74_100_1,150664,5727.48
A_100_ABS74_100_2,139314,5377.31
A_100_ABS74_100_3,148324,5065.72
A_100_ABS74_100_4,134771,5061.44
A_100_ABS74_100_5,154053,4563.1
A_100_ABS75_100_1,156174,3899.68
A_100_ABS75_100_2,144659,6544.54
A_100_ABS75_100_3,154367,5850.11
A_100_ABS75_100_4,140007,5706.76
A_100_ABS75_100_5,160105,5003.74
A_100_ABS76_100_1,368252,2620.44
A_100_ABS76_100_2,342105,5179.32
A_100_ABS76_100_3,359363,6851.01
A_100_ABS76_100_4,331339,5171.65
A_100_ABS76_100_5,373039,5008.59
A_100_ABS77_100_1,370975,2396.66
A_100_ABS77_100_2,344208,4914.27
A_100_ABS77_100_3,362540,6042.75
A_100_ABS77_100_4,333576,5482.33
A_100_ABS77_100_5,376752,4898.26
A_100_ABS78_100_1,375839,2144.81
A_100_ABS78_100_2,349542,5342.73
A_100_ABS78_100_3,369316,6078.61
A_100_ABS78_100_4,338680,5643.12
A_100_ABS78_100_5,383092,5033.41
A_100_ABS79_100_1,163550,5996.75
A_100_ABS79_100_2,151426,3511.43
A_100_ABS79_100_3,161450,3582.11
A_100_ABS79_100_4,146559,3372.03
A_100_ABS79_100_5,167388,3419.12
A_100_ABS80_100_1,167820,5030.52
A_100_ABS80_100_2,155472,3625.86
A_100_ABS80_100_3,168708,3680.19
A_100_ABS80_100_4,150904,3246.08
A_100_ABS80_100_5,173289,2794.03
A_100_ABS81_100_1,178865,3463.45
A_100_ABS81_100_2,165451,3356.82
A_100_ABS81_100_3,180128,3516.65
A_100_ABS81_100_4,159898,3146.44
A_100_ABS81_100_5,185566,2795.05
A_100_ABS82_100_1,384272,4213.67
A_100_ABS82_100_2,356471,4598
A_100_ABS82_100_3,375594,3790.89
A_100_ABS82_100_4,344796,4019.57
A_100_ABS82_100_5,390570,4710.42
A_100_ABS83_100_1,390276,5583
A_100_ABS83_100_2,360745,4543.43
A_100_ABS83_100_3,381324,3675.09
A_100_ABS83_100_4,349401,3586.33
A_100_ABS83_100_5,396249,5024.18
A_100_ABS84_100_1,401879,5206.84
A_100_ABS84_100_2,371376,4987.25
A_100_ABS84_100_3,395154,3253.14
A_100_ABS84_100_4,359084,3189.06
A_100_ABS84_100_5,409158,4796.99
A_100_ABS85_100_1,1.31034e+06,1871.42
A_100_ABS85_100_2,1.21766e+06,1627.35
A_100_ABS85_100_3,1.27733e+06,1686.27
A_100_ABS85_100_4,1.17786e+06,1995.45
A_100_ABS85_100_5,1.32673e+06,2031.69
A_100_ABS86_100_1,1.31292e+06,1597.81
A_100_ABS86_100_2,1.22018e+06,1601.55
A_100_ABS86_100_3,1.27964e+06,1484.26
A_100_ABS86_100_4,1.17996e+06,1528.56
A_100_ABS86_100_5,1.3296e+06,1705.9
A_100_ABS87_100_1,1.3183e+06,1508.32
A_100_ABS87_100_2,1.22478e+06,1512.5
A_100_ABS87_100_3,1.28643e+06,1201.54
A_100_ABS87_100_4,1.18537e+06,1491.67
A_100_ABS87_100_5,1.33577e+06,1489.89
A_100_ABS88_100_1,3.46525e+06,1882.13
A_100_ABS88_100_2,3.22013e+06,2005.28
A_100_ABS88_100_3,3.37365e+06,2139.44
A_100_ABS88_100_4,3.11833e+06,1543.04
A_100_ABS88_100_5,3.50774e+06,1745.81
A_100_ABS89_100_1,3.46731e+06,1664.58
A_100_ABS89_100_2,3.22193e+06,1868.07
A_100_ABS89_100_3,3.37638e+06,1937.02
A_100_ABS89_100_4,3.11788e+06,1434.35
A_100_ABS89_100_5,3.51066e+06,1518.27
A_100_ABS90_100_1,3.47312e+06,1350.2
A_100_ABS90_100_2,3.2276e+06,1437.58
A_100_ABS90_100_3,3.38314e+06,1431.07
A_100_ABS90_100_4,3.12558e+06,1233.39
A_100_ABS90_100_5,3.51734e+06,1252.79
A_100_ABS91_100_1,1.32748e+06,2105.8
A_100_ABS91_100_2,1.23286e+06,2089.27
A_100_ABS91_100_3,1.2934e+06,1670.05
A_100_ABS91_100_4,1.19112e+06,1650
A_100_ABS91_100_5,1.34278e+06,1438.36
A_100_ABS92_100_1,1.33246e+06,1730.6
A_100_ABS92_100_2,1.23706e+06,1771.67
A_100_ABS92_100_3,1.2993e+06,1463.13
A_100_ABS92_100_4,1.1946e+06,1430.26
A_100_ABS92_100_5,1.3509e+06,1320.44
A_100_ABS93_100_1,1.34251e+06,1507.41
A_100_ABS93_100_2,1.24814e+06,1739.2
A_100_ABS93_100_3,1.31116e+06,1364.11
A_100_ABS93_100_4,1.20446e+06,1319.3
A_100_ABS93_100_5,1.36244e+06,1349.44
A_100_ABS94_100_1,3.48328e+06,1840.21
A_100_ABS94_100_2,3.23594e+06,1800.51
A_100_ABS94_100_3,3.39382e+06,1579.69
A_100_ABS94_100_4,3.13172e+06,1784.57
A_100_ABS94_100_5,3.52568e+06,1546.53
A_100_ABS95_100_1,3.48807e+06,1566.07
A_100_ABS95_100_2,3.24077e+06,1732.51
A_100_ABS95_100_3,3.39895e+06,1481.36
A_100_ABS95_100_4,3.13517e+06,1465.98
A_100_ABS95_100_5,3.53278e+06,1314.56
A_100_ABS96_100_1,3.49906e+06,1311.89
A_100_ABS96_100_2,3.25055e+06,1503.74
A_100_ABS96_100_3,3.41179e+06,1208.99
A_100_ABS96_100_4,3.14517e+06,1415.97
A_100_ABS96_100_5,3.54611e+06,1209.3
B_050_instance1,669615,206895
B_050_instance2,683430,254012
B_050_instance3,670071,227572
B_050_instance4,665717,476011
B_050_instance5,680727,264202
B_050_instance6,675102,234033
B_050_instance7,644747,211358
B_050_instance8,673775,177452
B_050_instance9,650251,259902
B_050_instance10,662430,225013
B_050_instance11,639424,225109
B_050_instance12,645367,284147
B_050_instance13,681682,269671
B_050_instance14,646363,227371
B_050_instance15,682098,315818
B_050_instance16,646258,304358
B_050_instance17,678901,194118
B_050_instance18,662424,329258
B_050_instance19,674782,217996
B_050_instance20,651936,250614
B_050_instance21,646151,291666
B_050_instance22,659328,311262
B_050_instance23,681650,219508
B_050_instance24,663134,252725
B_050_instance25,687839,290041
B_050_instance26,667607,270932
B_050_instance27,658070,174323
B_050_instance28,672704,255031
B_050_instance29,694785,321368
B_050_instance30,663801,198717
B_100_instance1,1.1419e+06,2.07222e+06
B_100_instance2,1.16501e+06,2.1803e+06
B_100_instance3,1.13774e+06,1.6617e+06
B_100_instance4,1.13824e+06,2.03268e+06
B_100_instance5,1.15753e+06,1.56953e+06
B_100_instance6,1.13083e+06,2.23338e+06
B_100_instance7,1.11953e+06,1.57408e+06
B_100_instance8,1.12714e+06,1.4502e+06
B_100_instance9,1.14799e+06,1.46431e+06
B_100_instance10,1.13428e+06,2.15431e+06
B_100_instance11,1.14609e+06,2.11942e+06
B_100_instance12,1.14082e+06,2.71462e+06
B_100_instance13,1.13144e+06,1.39155e+06
B_100_instance14,1.12624e+06,1.78786e+06
B_100_instance15,1.14257e+06,1.51258e+06
B_100_instance16,1.13712e+06,1.97974e+06
B_100_instance17,1.14867e+06,2.7178e+06
B_100_instance18,1.13981e+06,1.93563e+06
B_100_instance19,1.14462e+06,1.75357e+06
B_100_instance20,1.1683e+06,2.16023e+06
B_100_instance21,1.15297e+06,2.00165e+06
B_100_instance22,1.16049e+06,1.39305e+06
B_100_instance23,1.13742e+06,2.00566e+06
B_100_instance24,1.16033e+06,1.61008e+06
B_100_instance25,1.1373e+06,1.39858e+06
B_100_instance26,1.13229e+06,2.26013e+06
B_100_instance27,1.12583e+06,1.76467e+06
B_100_instance28,1.12663e+06,1.93597e+06
B_100_instance29,1.13368e+06,1.04772e+06
B_100_instance30,1.13817e+06,1.39903e+06
