Instances,Approx Base Valeur,Approx Base Temps,Approx Coupe Valeur,Approx Coupe Temps,Approx Heur Valeur,Approx Heur Temps
A_014_ABS1_15_1,40649,1121.75,40649,598.94,40649,427.475
A_014_ABS1_15_2,35971,769.4,35971,593.679,35971,329.815
A_014_ABS1_15_3,31451,1630.69,31451,725.389,31451,348.905
A_014_ABS1_15_4,37865,1478.22,37865,729.095,37875,484.9
A_014_ABS1_15_5,35665,2636.88,35665,733.309,35665,473.509
A_014_ABS2_15_1,40649,873.803,40711,509.42,40890,399.7
A_014_ABS2_15_2,35971,869.012,35971,529.156,35971,329.949
A_014_ABS2_15_3,31451,1355.22,31451,715.778,31451,339.663
A_014_ABS2_15_4,37865,1246.06,37865,858.224,37875,479.087
A_014_ABS2_15_5,35665,7168.59,35665,709.45,35665,480.509
A_014_ABS3_15_1,41052,1678.9,41052,663.062,41345,365.398
A_014_ABS3_15_2,35971,1197.07,36070,622.94,36143,301.632
A_014_ABS3_15_3,31713,154605,31713,913.693,31783,269.076
A_014_ABS3_15_4,38257,7201.43,38288,898.541,38338,388.375
A_014_ABS3_15_5,35990,27703.4,36174,752.966,37112,418.964
A_014_ABS4_15_1,83482,1814.64,83571,827.558,84267,652.227
A_014_ABS4_15_2,71628,904.858,71628,845.832,71628,538.159
A_014_ABS4_15_3,63735,1289.92,63735,799.495,63735,466.773
A_014_ABS4_15_4,77466,1123.89,77466,808.354,77466,658.153
A_014_ABS4_15_5,72448,2550.53,72448,603.473,72448,493.072
A_014_ABS5_15_1,83709,39164.7,83709,1197.95,84527,596.111
A_014_ABS5_15_2,71628,1070.96,71628,828.416,71628,546.858
A_014_ABS5_15_3,63735,1416.31,63957,965.007,63783,451.866
A_014_ABS5_15_4,77466,1084.65,77466,817.841,77466,677.397
A_014_ABS5_15_5,72448,2335.99,72633,599.761,72536,499.788
A_014_ABS6_15_1,83866,96188.7,84022,1323.74,84889,593.559
A_014_ABS6_15_2,71759,1295.67,71886,903.094,71881,546.248
A_014_ABS6_15_3,64485,8612.7,64485,868.61,64567,387.066
A_014_ABS6_15_4,76865,7996.51,77258,876.819,77856,787.782
A_014_ABS6_15_5,72927,29924.4,73577,813.005,73493,710.023
A_014_ABS7_15_1,34099,1325.26,34099,1177.89,34099,1010
A_014_ABS7_15_2,28813,867.928,28813,570.045,28813,411.949
A_014_ABS7_15_3,25179,577.213,25179,525.431,24849,318.268
A_014_ABS7_15_4,30774,996.404,30774,609.987,30774,463.05
A_014_ABS7_15_5,29138,1990.01,29138,678.446,29138,568.644
A_014_ABS8_15_1,34099,1352.79,34099,1254.47,34099,1020.32
A_014_ABS8_15_2,28925,1029.28,28924,525.992,28959,368.086
A_014_ABS8_15_3,25179,589.192,25179,518.702,25179,291.617
A_014_ABS8_15_4,30774,848.466,30774,640.444,30774,435.741
A_014_ABS8_15_5,29138,1864.95,29138,604.506,29138,511.889
A_014_ABS9_15_1,34099,1379.48,34164,1094.33,34459,860.303
A_014_ABS9_15_2,29013,1575.03,28752,657.094,28818,396.502
A_014_ABS9_15_3,25402,2550.51,25402,626.765,25351,258.064
A_014_ABS9_15_4,30950,1505.69,30541,618.282,31145,365.484
A_014_ABS9_15_5,29310,39575.4,29526,665.227,30221,506.671
A_014_ABS10_15_1,72931,1944.17,72972,880.656,73054,607.128
A_014_ABS10_15_2,61809,577.558,61809,454.128,61809,349.959
A_014_ABS10_15_3,53922,1453.72,53958,694.501,54058,224.705
A_014_ABS10_15_4,66189,1074.13,66253,529.82,66317,327.754
A_014_ABS10_15_5,62297,30979.1,62602,613.532,62855,253.61
A_014_ABS11_15_1,73158,43382.4,73158,1297.98,73314,534.899
A_014_ABS11_15_2,61981,2464.14,61981,613.394,62066,243.823
A_014_ABS11_15_3,54151,117474,54151,1062.16,54222,207.812
A_014_ABS11_15_4,66493,75002.8,66493,1144.3,66629,283.941
A_014_ABS11_15_5,62642,902733,62642,759.317,62802,254.545
A_014_ABS12_15_1,73377,112190,73509,1293.65,74133,626.858
A_014_ABS12_15_2,62066,4437.89,62066,657.933,62185,259.527
A_014_ABS12_15_3,54151,25158.4,54234,1103.32,54336,188.312
A_014_ABS12_15_4,66580,35969.6,66644,1053.56,66897,265.834
A_014_ABS12_15_5,63001,2.08367e+06,63437,1007.27,63385,270.879
A_014_ABS13_15_1,44357,1089.54,44440,519.504,44903,365.95
A_014_ABS13_15_2,42408,1044.48,42408,514.162,42408,412.881
A_014_ABS13_15_3,35091,1172.46,35091,688.266,35091,383.811
A_014_ABS13_15_4,42660,1020.08,42660,662.965,42759,423.799
A_014_ABS13_15_5,40162,1415.11,40162,675.848,39812,391.893
A_014_ABS14_15_1,44809,25481.1,44809,879.603,45121,329.245
A_014_ABS14_15_2,42408,951.352,42408,527.927,42408,407.087
A_014_ABS14_15_3,35091,1414.39,35091,605.726,35091,387.983
A_014_ABS14_15_4,42660,998.842,42660,676.57,42661,406.176
A_014_ABS14_15_5,40162,6837.76,40414,606.863,39812,355.174
A_014_ABS15_15_1,45236,59198.7,45510,998.388,47302,407.098
A_014_ABS15_15_2,42408,919.588,42596,523.636,42596,393.324
A_014_ABS15_15_3,35496,36611.6,35574,753.798,35678,338.941
A_014_ABS15_15_4,43176,6536.93,42732,678.485,43223,411.67
A_014_ABS15_15_5,41543,92537.7,41803,684.755,41945,271.678
A_014_ABS16_15_1,88770,1763.88,88945,822.474,89014,680.674
A_014_ABS16_15_2,75934,773.929,75934,676.944,76040,542.874
A_014_ABS16_15_3,66649,908.482,66649,684.064,66649,376.561
A_014_ABS16_15_4,80771,1128.48,80771,895.722,80771,686.627
A_014_ABS16_15_5,76883,1952.82,76883,628.531,76883,513.975
A_014_ABS17_15_1,89222,35629.9,89237,1276.05,89534,544.912
A_014_ABS17_15_2,75934,1037.44,76223,621.125,76223,478.137
A_014_ABS17_15_3,66649,879.832,66649,713.221,66649,366.287
A_014_ABS17_15_4,80771,1108.1,80771,865.995,80771,703.207
A_014_ABS17_15_5,76883,1767.83,77107,659.852,77039,513.93
A_014_ABS18_15_1,89535,102201,89927,1365.06,90402,628.404
A_014_ABS18_15_2,76319,1280.55,76566,696.397,76472,432.168
A_014_ABS18_15_3,67190,5737.06,67441,712.111,67489,321.459
A_014_ABS18_15_4,80913,1443.07,81941,944.249,81758,548.03
A_014_ABS18_15_5,77500,114203,78370,704.804,78932,571.421
A_014_ABS19_15_1,40065,1052.35,40065,955.194,40065,831.249
A_014_ABS19_15_2,33638,794.895,33638,670.366,33737,457.183
A_014_ABS19_15_3,27877,665.193,27877,507.128,27877,287.124
A_014_ABS19_15_4,34279,995.776,34279,624.21,34279,404.224
A_014_ABS19_15_5,33579,2075.4,33579,610.978,33579,459.765
A_014_ABS20_15_1,40065,1054.73,40065,964.256,40065,828.323
A_014_ABS20_15_2,33638,843.33,33638,681.093,33263,431.387
A_014_ABS20_15_3,27877,638.2,27877,476.705,27877,306.838
A_014_ABS20_15_4,34279,974.039,34279,601.857,34279,431.442
A_014_ABS20_15_5,33579,1718.73,33690,611.738,33843,460.426
A_014_ABS21_15_1,40141,1052.9,40627,969.264,40571,781.315
A_014_ABS21_15_2,33430,1047.47,34054,623.156,33837,393.798
A_014_ABS21_15_3,27877,757.717,27877,502.06,27877,280.713
A_014_ABS21_15_4,35256,16921.2,35588,720.013,35714,379.352
A_014_ABS21_15_5,34543,31320.3,35427,689.889,35917,438.442
A_014_ABS22_15_1,76886,1747.74,76969,744.016,77130,568.38
A_014_ABS22_15_2,66255,769.48,66255,433.121,66255,339.026
A_014_ABS22_15_3,56924,1452.88,56997,589.593,57198,243.097
A_014_ABS22_15_4,71169,822.329,71294,654.44,71450,322.547
A_014_ABS22_15_5,65564,30762.3,65740,665.803,66709,235.217
A_014_ABS23_15_1,77338,36539.7,77338,1199.16,77650,476.445
A_014_ABS23_15_2,66600,3088.36,66714,590.356,66766,295.786
A_014_ABS23_15_3,57512,120764,57512,954.333,57656,227.072
A_014_ABS23_15_4,71712,24462.5,71042,763.732,72158,307.359
A_014_ABS23_15_5,66286,1.3764e+06,66452,907.699,66605,246.594
A_014_ABS24_15_1,77775,141071,78043,1236.91,78707,511.612
A_014_ABS24_15_2,66766,2391.09,66769,688.191,67003,270.74
A_014_ABS24_15_3,57512,42203,57624,956.709,57798,254.829
A_014_ABS24_15_4,71984,45030.3,72109,1057.68,71463,295.235
A_014_ABS24_15_5,67001,2.53998e+06,68155,1279.74,67999,277.439
A_014_ABS25_15_1,240905,857.146,240905,449.346,240905,299.659
A_014_ABS25_15_2,202516,730.93,202516,534.389,202516,294.981
A_014_ABS25_15_3,183461,1556.55,183461,647.873,183461,241.955
A_014_ABS25_15_4,219062,744.806,219062,546.485,219062,238.154
A_014_ABS25_15_5,205495,2436.11,205495,540.254,205495,332.106
A_014_ABS26_15_1,240905,784.681,240967,420.362,241011,261.38
A_014_ABS26_15_2,202516,792.931,202516,524.795,202516,294.819
A_014_ABS26_15_3,183461,1350.81,183461,687.376,183612,205.432
A_014_ABS26_15_4,219062,854.37,219062,524.283,219062,233.137
A_014_ABS26_15_5,205495,2316.74,205495,534.879,205495,330.176
A_014_ABS27_15_1,241431,1048.66,241517,545.515,241848,229.755
A_014_ABS27_15_2,202516,1276.16,202586,400.603,202737,245.773
A_014_ABS27_15_3,183723,167739,183723,668.937,183754,169.964
A_014_ABS27_15_4,219212,896.79,219461,531.181,219731,251.912
A_014_ABS27_15_5,205820,14151,206156,580.419,206975,258.016
A_014_ABS28_15_1,617489,473.716,617489,368.46,617489,243.822
A_014_ABS28_15_2,515341,586.328,515341,342.734,515341,241.866
A_014_ABS28_15_3,469798,452.82,469798,387.534,469821,195.767
A_014_ABS28_15_4,559052,846.088,559052,432.694,559052,249.169
A_014_ABS28_15_5,525373,1740.99,525373,374.624,525373,236.72
A_014_ABS29_15_1,617489,457.318,617563,354.309,617802,218.985
A_014_ABS29_15_2,515401,825.343,515500,447.313,515500,203.38
A_014_ABS29_15_3,469798,455.03,469731,364.853,469821,193.849
A_014_ABS29_15_4,559052,912.735,559052,475.643,559052,242.649
A_014_ABS29_15_5,525373,1631.46,525526,354.168,525398,236.907
A_014_ABS30_15_1,617914,1004.46,618023,485.519,618230,184.854
A_014_ABS30_15_2,515779,1159.76,515342,494.178,515342,183.415
A_014_ABS30_15_3,469853,1524.15,469982,408.658,470008,197.1
A_014_ABS30_15_4,559474,5094.39,559578,575.828,559675,174.588
A_014_ABS30_15_5,525745,31224.9,526321,425.199,526384,192.138
A_014_ABS31_15_1,233230,598.567,233230,423.171,233230,239.829
A_014_ABS31_15_2,194872,586.839,194872,428.555,194872,249.51
A_014_ABS31_15_3,176832,573.897,176832,401.95,176640,233.239
A_014_ABS31_15_4,211055,738.304,211055,462.596,211055,245.888
A_014_ABS31_15_5,198923,2393.28,198923,364.02,198923,249.257
A_014_ABS32_15_1,233230,523.63,233230,411.908,233230,235.898
A_014_ABS32_15_2,194872,699.816,194901,374.846,194901,216.433
A_014_ABS32_15_3,176832,581.535,176765,405.68,176640,234.768
A_014_ABS32_15_4,211055,774.793,211055,475.2,211055,248.3
A_014_ABS32_15_5,198923,2127.28,199668,395.874,199599,218.151
A_014_ABS33_15_1,233380,685.113,234458,435.109,234121,213.129
A_014_ABS33_15_2,195072,1120.49,195172,469.657,195096,183.592
A_014_ABS33_15_3,176856,865.853,176987,392.562,177017,202.483
A_014_ABS33_15_4,211499,3593.63,211718,574.329,211601,192.999
A_014_ABS33_15_5,199859,31114.9,200609,548.508,200112,213.681
A_014_ABS34_15_1,606220,1529.21,606261,505.697,606343,238.46
A_014_ABS34_15_2,505746,495.851,505746,362.971,505746,251.427
A_014_ABS34_15_3,459282,1298.39,459318,667.041,459418,182.529
A_014_ABS34_15_4,548671,1132.83,548735,671.575,548799,236.996
A_014_ABS34_15_5,514827,56918.7,514924,594.107,515307,182.512
A_014_ABS35_15_1,606447,40771.8,606447,814.341,606603,221.699
A_014_ABS35_15_2,505918,2439.01,505936,517.654,505908,177.08
A_014_ABS35_15_3,459511,117583,459511,891.757,459568,172.364
A_014_ABS35_15_4,548970,30200,548999,938.964,549099,245.602
A_014_ABS35_15_5,515094,903907,515094,831.587,515254,194.641
A_014_ABS36_15_1,606604,88266.2,606699,1031.23,606814,214.036
A_014_ABS36_15_2,506003,4340.71,505910,581.449,506122,157.356
A_014_ABS36_15_3,459511,24745.8,459594,885.595,459696,145.329
A_014_ABS36_15_4,549085,35222.2,549149,1606.88,549386,211.332
A_014_ABS36_15_5,515453,2.0303e+06,515803,1207.93,516065,177.978
A_014_ABS37_15_1,245495,754.229,245795,505.36,246066,298.593
A_014_ABS37_15_2,207385,956.551,207385,534.095,207385,280.526
A_014_ABS37_15_3,187101,1057.31,187101,491.688,187101,251.734
A_014_ABS37_15_4,223567,980.482,223567,491.723,223567,273.505
A_014_ABS37_15_5,210070,1364.09,210070,518.891,210070,294.094
A_014_ABS38_15_1,246257,4851.94,246256,515.772,245377,218.893
A_014_ABS38_15_2,207385,774.929,207385,470.764,207385,278.733
A_014_ABS38_15_3,187101,1115.62,187101,476.845,187101,238.8
A_014_ABS38_15_4,223567,846.634,223567,475.171,223567,267.714
A_014_ABS38_15_5,210070,1781.58,210297,475.834,209642,261.653
A_014_ABS39_15_1,246224,1663.42,246252,625.589,247378,203.424
A_014_ABS39_15_2,207522,1203.1,207522,625.736,207522,266.544
A_014_ABS39_15_3,187506,75554.3,187639,662.167,187633,190.926
A_014_ABS39_15_4,224098,1111,224005,531.661,224123,262.044
A_014_ABS39_15_5,212230,31291.5,211603,536.786,212218,177.082
A_014_ABS40_15_1,623925,477.786,623925,408.279,623925,252.183
A_014_ABS40_15_2,520045,502.617,520045,357.435,520045,246.682
A_014_ABS40_15_3,473036,846.922,473036,483.107,473158,224.151
A_014_ABS40_15_4,563022,881.793,563022,400.456,563022,236.339
A_014_ABS40_15_5,529783,1474.2,529783,347.349,529783,239.397
A_014_ABS41_15_1,623925,471.394,624159,366.288,624159,240.873
A_014_ABS41_15_2,520210,809.167,520245,409.594,520390,206.704
A_014_ABS41_15_3,473110,745.176,473165,517.091,473118,210.199
A_014_ABS41_15_4,563022,816.903,563022,383.303,563022,230.807
A_014_ABS41_15_5,529783,1566.03,529987,346.782,529987,221.721
A_014_ABS42_15_1,624251,498.744,624404,338.721,624854,217.147
A_014_ABS42_15_2,520430,1322.46,520405,422.914,520553,187.343
A_014_ABS42_15_3,473174,1584.57,473437,480.966,473638,166.682
A_014_ABS42_15_4,563769,13853.4,563925,528.626,563684,179.227
A_014_ABS42_15_5,530623,59749.6,531276,441.86,532140,180.916
A_014_ABS43_15_1,240109,469.437,240109,384.029,240109,251.373
A_014_ABS43_15_2,199259,500.16,199259,409.119,199365,252.625
A_014_ABS43_15_3,180123,537.831,180123,387.363,180083,212.791
A_014_ABS43_15_4,215179,807.96,215179,450.104,215179,250.28
A_014_ABS43_15_5,203358,1592.91,203358,357.654,203358,246.141
A_014_ABS44_15_1,240109,464.952,240109,378.226,240109,252.917
A_014_ABS44_15_2,199259,697.278,199548,351.697,199548,199.706
A_014_ABS44_15_3,180083,570.629,180123,393.504,180151,210.382
A_014_ABS44_15_4,215179,784.906,215179,480.032,215179,272.285
A_014_ABS44_15_5,203358,1675.74,203582,346.919,203582,216.962
A_014_ABS45_15_1,240201,500.925,240354,366.036,240612,214.736
A_014_ABS45_15_2,199644,1031.3,199848,449.704,200540,183.702
A_014_ABS45_15_3,180123,758.726,180130,362.596,180130,199.055
A_014_ABS45_15_4,215959,3594.71,217625,465.999,218126,183.465
A_014_ABS45_15_5,204096,115235,205220,408.045,205077,175.848
A_014_ABS46_15_1,609686,1449.82,609769,472.009,609930,234.651
A_014_ABS46_15_2,510607,695.626,510607,356.927,510607,254.282
A_014_ABS46_15_3,462284,1264.64,462357,580.946,462558,174.468
A_014_ABS46_15_4,552766,863.6,552891,628.014,553020,229.028
A_014_ABS46_15_5,518444,30399.7,518620,475.4,519589,186.241
A_014_ABS47_15_1,610138,40386.9,610138,851.786,610450,230.267
A_014_ABS47_15_2,510952,1986.06,511119,473.324,511119,181.839
A_014_ABS47_15_3,462744,164845,462744,893.644,462888,179.089
A_014_ABS47_15_4,553362,28412.8,553396,669.884,553749,207.881
A_014_ABS47_15_5,519166,1.47623e+06,519315,1007.71,519485,175.762
A_014_ABS48_15_1,610575,95370.5,610851,839.114,611680,197.477
A_014_ABS48_15_2,511119,3030.83,510894,628.1,511355,162.113
A_014_ABS48_15_3,462744,22812.6,462913,1747.02,463127,152.477
A_014_ABS48_15_4,553640,48299.5,553765,1335.63,554181,222.169
A_014_ABS48_15_5,519881,2.44091e+06,521035,919.343,520879,150.005
A_014_ABS49_15_1,77961,644.742,78284,581.626,78393,407.606
A_014_ABS49_15_2,84082,777.697,84082,583.648,84082,330.031
A_014_ABS49_15_3,57689,1031.65,57689,600.791,57689,331.279
A_014_ABS49_15_4,78274,843.098,78274,655.584,78254,371.886
A_014_ABS49_15_5,75771,7259.23,77856,619.322,82693,315.185
A_014_ABS50_15_1,80890,2091.44,78806,789.201,79802,399.702
A_014_ABS50_15_2,84082,661.637,84082,487.497,84082,329.453
A_014_ABS50_15_3,58466,3123.74,57689,650.148,57689,315.771
A_014_ABS50_15_4,78158,1416.21,74837,596.59,74593,343.697
A_014_ABS50_15_5,80663,110374,81079,720.06,81079,368.818
A_014_ABS51_15_1,82864,1513.63,82898,827.461,84605,411.598
A_014_ABS51_15_2,84082,590.058,84082,488.808,84082,321.482
A_014_ABS51_15_3,60301,13889.8,61996,670.346,62017,299.456
A_014_ABS51_15_4,82952,1394.34,86973,639.039,79877,312.393
A_014_ABS51_15_5,83473,134203,86658,790.898,79319,272.508
A_014_ABS52_15_1,120134,1180.77,119590,703.524,119550,536.303
A_014_ABS52_15_2,111339,630.61,111339,567.833,116631,387.436
A_014_ABS52_15_3,89850,693.13,89850,592.963,89850,353.594
A_014_ABS52_15_4,113066,1002.49,113066,581.467,113066,407.673
A_014_ABS52_15_5,120117,1224.42,120117,692.208,120117,579.898
A_014_ABS53_15_1,119467,8952.39,119550,834.958,124027,456.606
A_014_ABS53_15_2,111339,681.882,111339,567.649,116631,398.502
A_014_ABS53_15_3,98956,675.868,99112,496.557,95037,348.926
A_014_ABS53_15_4,113066,937.961,113695,597.57,113695,388.014
A_014_ABS53_15_5,120117,1220.94,120117,716.049,120117,580.733
A_014_ABS54_15_1,121982,100338,124960,1319.39,129576,390.591
A_014_ABS54_15_2,113859,766.729,113859,553.98,120638,322.414
A_014_ABS54_15_3,99199,1021.35,100478,503.115,97261,330.34
A_014_ABS54_15_4,116889,3695.03,119323,652.9,119462,436.283
A_014_ABS54_15_5,120200,6640.19,125344,636.163,126271,513.108
A_014_ABS55_15_1,84734,1053.49,84734,943.21,84734,757.771
A_014_ABS55_15_2,69423,614.426,69423,562.429,69423,382.092
A_014_ABS55_15_3,54327,641.971,54327,400.417,54327,277.472
A_014_ABS55_15_4,67022,891.903,67022,561.622,67022,359.776
A_014_ABS55_15_5,74904,1484.07,74904,613.461,74904,443.627
A_014_ABS56_15_1,84734,1046.23,84734,953.79,84734,756.574
A_014_ABS56_15_2,69423,634.915,69423,560.889,69423,364.78
A_014_ABS56_15_3,55009,948.954,55384,450.256,54581,265.243
A_014_ABS56_15_4,67022,789.331,67022,565.263,67022,359.172
A_014_ABS56_15_5,74904,1269.71,74904,622.377,74904,442.313
A_014_ABS57_15_1,78267,1164.86,85274,843.954,78892,621.176
A_014_ABS57_15_2,70453,872.107,70453,601.003,71143,327.173
A_014_ABS57_15_3,57023,2916.71,57291,700.943,57801,242.645
A_014_ABS57_15_4,68365,1120.47,69761,566.212,71682,324.229
A_014_ABS57_15_5,74881,4876.63,76918,564.35,80047,431.259
A_014_ABS58_15_1,107001,1034.61,107341,700.75,113082,496.236
A_014_ABS58_15_2,102783,760.863,102783,446.997,102783,335.125
A_014_ABS58_15_3,80625,761.767,80625,601.783,80625,286.029
A_014_ABS58_15_4,108160,899.99,108789,648.46,107159,350.466
A_014_ABS58_15_5,93856,32541.1,94032,505.911,100949,245.688
A_014_ABS59_15_1,109304,6621.02,110088,852.202,112331,420.795
A_014_ABS59_15_2,103031,1179.51,103852,567.447,104146,250.653
A_014_ABS59_15_3,80625,25324.9,82738,971.02,81905,263.388
A_014_ABS59_15_4,109380,10789.5,108172,625.325,103190,317.623
A_014_ABS59_15_5,98824,842017,98824,784.675,100420,263.599
A_014_ABS60_15_1,112598,127039,115140,1090.6,122093,430.399
A_014_ABS60_15_2,104754,2155.26,104973,630.264,105643,243.715
A_014_ABS60_15_3,83168,20944.7,83168,880.399,83426,235.41
A_014_ABS60_15_4,112495,39445.8,107650,1080.79,107276,287.271
A_014_ABS60_15_5,102411,2.04758e+06,108523,1001.42,106485,224.497
A_014_ABS61_15_1,118634,783.367,118879,628.368,118879,356.323
A_014_ABS61_15_2,128219,685.178,128219,490.666,128219,332.715
A_014_ABS61_15_3,88733,1010.03,88733,593.067,88733,300.488
A_014_ABS61_15_4,115111,1333.49,115111,627.389,124238,328.294
A_014_ABS61_15_5,102240,28284,111012,643.828,113747,292.467
A_014_ABS62_15_1,126366,1369.39,117124,643.285,120545,373.694
A_014_ABS62_15_2,128219,634.473,128219,488.83,128219,335.748
A_014_ABS62_15_3,88733,1053.67,86636,544.473,91475,271.737
A_014_ABS62_15_4,115208,1403.97,115197,559.177,115197,332.482
A_014_ABS62_15_5,112435,492371,115618,1027.14,115618,284.971
A_014_ABS63_15_1,128647,1035.34,126448,743.157,131687,336.049
A_014_ABS63_15_2,127968,775.84,129413,488.191,129413,349.408
A_014_ABS63_15_3,94278,12582.9,92343,750.489,98925,271.757
A_014_ABS63_15_4,130459,3274.27,137233,566.337,128706,351.526
A_014_ABS63_15_5,119734,1.30163e+06,126191,841.415,139141,253.181
A_014_ABS64_15_1,158632,1007.76,158632,765.108,171800,556.313
A_014_ABS64_15_2,155512,664.238,155512,640.747,155512,397.658
A_014_ABS64_15_3,118810,816.974,118810,608.825,118618,351.352
A_014_ABS64_15_4,153660,899.959,153660,559.547,153660,382.988
A_014_ABS64_15_5,148281,1765.21,148281,617.329,148281,547.789
A_014_ABS65_15_1,158528,6404.96,158486,889.732,158486,602.393
A_014_ABS65_15_2,155512,640.014,155512,664.885,155512,413.102
A_014_ABS65_15_3,118618,701.823,124937,535.31,132126,355.679
A_014_ABS65_15_4,153660,875.296,154918,584.74,154918,379.409
A_014_ABS65_15_5,148281,17820.7,157471,671.791,163003,466.405
A_014_ABS66_15_1,168737,30495.6,170738,1118.29,171497,499.888
A_014_ABS66_15_2,157604,911.62,160377,556.903,161083,349.789
A_014_ABS66_15_3,125838,2100.06,133522,541.118,129475,327.268
A_014_ABS66_15_4,160560,5484.51,164452,529.528,165522,342.428
A_014_ABS66_15_5,161165,45321.2,171148,645.455,176172,456.791
A_014_ABS67_15_1,119686,752.556,119686,666.004,119686,548.074
A_014_ABS67_15_2,112519,670.451,112519,629.843,112519,370.472
A_014_ABS67_15_3,85452,680.388,85452,528.723,84090,279.154
A_014_ABS67_15_4,120675,869.818,120675,520.885,120675,370.406
A_014_ABS67_15_5,105410,1371.53,105410,522.526,105410,422.373
A_014_ABS68_15_1,119686,754.371,119686,633.26,119686,531.612
A_014_ABS68_15_2,112519,681.324,112519,653.204,112519,375.846
A_014_ABS68_15_3,99937,678.089,84028,539.364,84090,277.453
A_014_ABS68_15_4,120675,815.174,120675,542.934,120675,386.092
A_014_ABS68_15_5,105410,9478.08,124785,534.706,124785,411.572
A_014_ABS69_15_1,120889,784.143,121565,700.972,123383,509.191
A_014_ABS69_15_2,112402,714.264,116034,514.088,118015,310.227
A_014_ABS69_15_3,87129,891.879,99937,473.12,90469,257.067
A_014_ABS69_15_4,111841,1401.89,122015,548.587,118184,367.019
A_014_ABS69_15_5,125291,6163.34,130961,543.144,132859,356.092
A_014_ABS70_15_1,157690,906.75,146309,617.13,157690,443.394
A_014_ABS70_15_2,146395,704.845,146395,473.928,146395,359.989
A_014_ABS70_15_3,110309,1273.15,110309,603.932,110309,296.371
A_014_ABS70_15_4,154926,801.195,155289,565.432,156122,336.501
A_014_ABS70_15_5,129252,39716,143548,698.844,143758,267.924
A_014_ABS71_15_1,152971,5426.31,151595,746.908,150080,444.205
A_014_ABS71_15_2,146409,1220.79,148060,607.544,147437,306.858
A_014_ABS71_15_3,110531,13064.2,115191,670.13,114131,259.778
A_014_ABS71_15_4,155143,9437.78,156570,729.973,145428,317.732
A_014_ABS71_15_5,139525,667325,139525,960.982,139653,286.231
A_014_ABS72_15_1,162231,89339.8,159092,953.04,169560,370.719
A_014_ABS72_15_2,150089,1989.77,150089,519.952,149259,266.541
A_014_ABS72_15_3,115191,5959.56,115906,724.074,118292,256.389
A_014_ABS72_15_4,162769,20230.8,153471,1059.28,156958,310.827
A_014_ABS72_15_5,146672,1.86587e+06,153216,1106.02,154599,239.176
A_014_ABS73_15_1,27778,1748.37,27819,607.401,27901,359.031
A_014_ABS73_15_2,24354,539.82,24354,405.535,24354,311.988
A_014_ABS73_15_3,20788,1400.14,20824,756.194,20924,225.596
A_014_ABS73_15_4,25729,1061.73,25793,528.197,25873,286.567
A_014_ABS73_15_5,23770,30980.9,23926,656.02,24309,233.488
A_014_ABS74_15_1,28005,42187.3,28005,876.41,28161,304.51
A_014_ABS74_15_2,24526,2444.24,24526,620.475,24611,234.21
A_014_ABS74_15_3,21017,172781,21017,946.37,21088,216.588
A_014_ABS74_15_4,26033,74311.5,26033,1011.23,26142,248.404
A_014_ABS74_15_5,24096,897454,24096,954.571,24256,232.191
A_014_ABS75_15_1,28224,103281,28356,1346.33,28717,340.221
A_014_ABS75_15_2,24611,4973.41,24611,755.209,24730,269.002
A_014_ABS75_15_3,21017,106137,21100,980.252,21224,216.466
A_014_ABS75_15_4,26120,35275,26184,1175.1,26421,218.986
A_014_ABS75_15_5,24455,1.78247e+06,24874,1041.95,24953,205.896
A_014_ABS76_15_1,67578,1666.15,67619,813.279,67599,374.544
A_014_ABS76_15_2,57544,530.814,57544,388.347,57544,317.588
A_014_ABS76_15_3,50428,1352.34,50464,737.408,50564,213.509
A_014_ABS76_15_4,61978,1171.58,62042,635.815,62106,294.694
A_014_ABS76_15_5,57565,56176.4,57662,665.062,58045,223.31
A_014_ABS77_15_1,67805,42995.6,67805,1051.13,67859,372.407
A_014_ABS77_15_2,57716,2418.78,57734,550.233,57801,215.312
A_014_ABS77_15_3,50657,111857,50657,1040.37,50728,187.487
A_014_ABS77_15_4,62282,74596.6,62309,1207.98,62407,282.623
A_014_ABS77_15_5,57873,820448,57888,1270.66,57992,276.897
A_014_ABS78_15_1,68024,94225.2,68156,1293.12,68632,512.879
A_014_ABS78_15_2,57801,4437.44,57801,663.112,57920,228.346
A_014_ABS78_15_3,50657,23431,50740,1203.72,50856,171.415
A_014_ABS78_15_4,62369,42522,62433,1151.33,62664,306.134
A_014_ABS78_15_5,58191,2.34639e+06,58506,1086.34,58616,210.695
A_014_ABS79_15_1,31733,1619.45,31796,634.482,31977,386.554
A_014_ABS79_15_2,28800,756.139,28800,407.365,28800,320.091
A_014_ABS79_15_3,23787,1685.87,23787,666.294,23787,324.817
A_014_ABS79_15_4,29851,953.901,29976,537.17,30105,303.348
A_014_ABS79_15_5,27310,48662.4,28615,611.987,28591,245.188
A_014_ABS80_15_1,32046,9232.8,32160,868.688,32497,337.746
A_014_ABS80_15_2,28897,1193.42,29063,577.808,29283,257.563
A_014_ABS80_15_3,24250,158340,24250,1090.12,24394,221.154
A_014_ABS80_15_4,30461,79258.2,30440,661.876,30629,230.196
A_014_ABS80_15_5,28306,812649,28297,797.856,28487,247.463
A_014_ABS81_15_1,32612,112776,33403,1214.08,34689,442.185
A_014_ABS81_15_2,29283,2139.02,29314,602.35,29548,223.734
A_014_ABS81_15_3,24250,22453.1,24343,946.14,24690,240.466
A_014_ABS81_15_4,30635,44275.8,30771,1131.84,30980,233.763
A_014_ABS81_15_5,28883,1.45032e+06,30037,905.529,30737,201.909
A_014_ABS82_15_1,71443,1557.26,71526,577.524,71687,348.81
A_014_ABS82_15_2,61990,761.367,61990,401.858,61990,321.242
A_014_ABS82_15_3,53430,1465.23,53503,710.66,53503,223.898
A_014_ABS82_15_4,65856,981.672,65981,522.939,65981,249.581
A_014_ABS82_15_5,61020,50824.6,62095,640.297,61976,227.419
A_014_ABS83_15_1,71895,39941.5,71895,940.758,72207,331.019
A_014_ABS83_15_2,62335,3002.38,62335,597.326,62502,227.666
A_014_ABS83_15_3,53890,121580,53890,870.999,54034,205.208
A_014_ABS83_15_4,66466,77913,66466,1177.53,66714,242.515
A_014_ABS83_15_5,61553,1.4576e+06,61553,956.701,61872,279.396
A_014_ABS84_15_1,72332,95563.1,72600,1011.97,73559,287.478
A_014_ABS84_15_2,62502,4334.51,62502,589.17,62738,214.943
A_014_ABS84_15_3,53890,20333.6,54059,912.977,54394,208.349
A_014_ABS84_15_4,66640,43232.9,66765,948.427,67243,216.125
A_014_ABS84_15_5,62268,2.59049e+06,63422,997.54,64202,197.223
A_014_ABS85_15_1,227578,1616.08,227766,499.125,227701,241.612
A_014_ABS85_15_2,191091,528.844,191091,392.067,191091,257.122
A_014_ABS85_15_3,172798,1353.62,172834,796.377,172934,183.357
A_014_ABS85_15_4,206700,1039.45,206764,660.854,206828,232.523
A_014_ABS85_15_5,193600,32029.8,194177,564.407,194139,174.009
A_014_ABS86_15_1,228154,23026.2,228206,872.643,227961,216.226
A_014_ABS86_15_2,191263,1633.88,191263,485.631,191348,183.706
A_014_ABS86_15_3,173027,117288,173027,1006.89,173098,168.284
A_014_ABS86_15_4,206927,12539.9,207018,662.983,207124,217.298
A_014_ABS86_15_5,193926,908456,194086,853.347,194086,196.209
A_014_ABS87_15_1,228024,96508.3,228505,997.73,228627,192.024
A_014_ABS87_15_2,191348,3135.94,191248,572.031,191467,161.04
A_014_ABS87_15_3,173027,27117.6,173110,931.434,173234,151.446
A_014_ABS87_15_4,207126,34477.2,207190,991.99,207303,212.113
A_014_ABS87_15_5,194285,2.01508e+06,195259,818.163,195155,148.372
A_014_ABS88_15_1,600718,1627.2,600807,533.414,600841,254.354
A_014_ABS88_15_2,501481,512.626,501481,374.049,501481,254.846
A_014_ABS88_15_3,455788,1391.48,455824,709.702,455924,185.958
A_014_ABS88_15_4,544199,1552.14,544263,573.647,544327,248.494
A_014_ABS88_15_5,510445,56471.5,510445,680.82,510925,198.822
A_014_ABS89_15_1,600945,43259.6,600945,889.852,601101,250.687
A_014_ABS89_15_2,501653,2430.38,501738,586.783,501667,165.019
A_014_ABS89_15_3,456017,113766,456017,1036.03,456088,166.699
A_014_ABS89_15_4,544503,74260.3,544503,1113.14,544628,236.834
A_014_ABS89_15_5,510712,898487,510712,881.482,510872,196.686
A_014_ABS90_15_1,601102,96144.3,601234,965.351,601447,234.734
A_014_ABS90_15_2,501738,4326.4,501738,613.33,501857,167.482
A_014_ABS90_15_3,456017,23809.1,456100,927.412,456302,150.938
A_014_ABS90_15_4,544590,36043.1,544654,1056.37,544757,224.742
A_014_ABS90_15_5,511071,2.01904e+06,511355,1043.37,511455,181.624
A_014_ABS91_15_1,232598,723.204,231708,471.744,233015,233.374
A_014_ABS91_15_2,195912,631.408,195912,347.085,195912,244.859
A_014_ABS91_15_3,175797,1639.46,175797,536.741,175797,254.862
A_014_ABS91_15_4,210740,890.278,210865,611.207,210939,290.772
A_014_ABS91_15_5,197140,30223.7,198445,575.561,198421,166.872
A_014_ABS92_15_1,231846,8118.69,232063,681.39,232297,223.345
A_014_ABS92_15_2,196297,1003.67,196297,449.194,196464,193.464
A_014_ABS92_15_3,176260,123331,176260,947.219,176404,188.034
A_014_ABS92_15_4,211046,22969.1,211046,664.774,211596,207.274
A_014_ABS92_15_5,197998,1.45944e+06,198145,945.405,198317,194.09
A_014_ABS93_15_1,232412,97541.9,232656,787.127,233505,195.327
A_014_ABS93_15_2,196198,1962.88,196198,479.354,196700,181.71
A_014_ABS93_15_3,176260,18772.5,176353,1038.57,176673,177.407
A_014_ABS93_15_4,211623,41310.4,211748,845.674,212218,219.068
A_014_ABS93_15_5,198713,1.3745e+06,199867,851.073,200397,148.784
A_014_ABS94_15_1,604243,1505.09,604326,468.668,604487,229.77
A_014_ABS94_15_2,506342,711.278,506342,355.061,506342,251.798
A_014_ABS94_15_3,458790,1269.3,458863,696.313,459064,205.428
A_014_ABS94_15_4,548429,1059.1,548554,641.364,548683,226.033
A_014_ABS94_15_5,513900,50564,514975,495.297,514856,168.017
A_014_ABS95_15_1,604695,39831.9,604695,1001.46,605007,229.942
A_014_ABS95_15_2,506687,2000.62,506698,524.948,506854,167.859
A_014_ABS95_15_3,459250,168083,459250,960.916,459394,170.723
A_014_ABS95_15_4,549025,33299.4,549061,789.672,549265,246.24
A_014_ABS95_15_5,514433,1.45943e+06,514433,816.102,514752,201.448
A_014_ABS96_15_1,605132,96891.1,605400,1009.95,606801,218.694
A_014_ABS96_15_2,506854,4312.19,506685,585.212,507090,164.252
A_014_ABS96_15_3,459250,23117.2,459419,988.925,459633,155.247
A_014_ABS96_15_4,549255,44474.7,549380,1061.92,549675,218.283
A_014_ABS96_15_5,515148,2.429e+06,516302,960.034,517082,151.241
